Date,Open,High,Low,Close,Volume,Dividends,Stock Splits,daily_return,cum_return,middle_band,upper_band,lower_band,Conversion,Baseline,SpanA,SpanB,Lagging
2018-09-20,32.25,36.0099983215332,32.04999923706055,36.0,40182700,0,0,,,,,,,,,,32.43000030517578
2018-09-21,34.560001373291016,35.4900016784668,33.880001068115234,34.099998474121094,9269500,0,0,-0.0527778201633029,0.9472221798366971,,,,,,,,30.90999984741211
2018-09-24,34.099998474121094,35.650001525878906,33.70000076293945,34.900001525878906,2769100,0,0,0.023460501101340014,0.9694444868299696,,,,,,,,30.850000381469727
2018-09-25,34.7599983215332,34.9900016784668,34.060001373291016,34.58000183105469,3152200,0,0,-0.009169045296084977,0.9605556064181858,,,,,,,,30.479999542236328
2018-09-26,34.349998474121094,35.97999954223633,34.25,35.5,5835600,0,0,0.026604919613367528,0.9861111111111112,,,,,,,,31.8799991607666
2018-09-27,37.61000061035156,37.61000061035156,35.66999816894531,36.18999862670898,2949700,0,0,0.019436581034055767,1.005277739630805,,,,,,,,33.099998474121094
2018-09-28,36.0,36.209999084472656,34.75,34.88999938964844,1321500,0,0,-0.03592150556483065,0.9691666497124567,,,,,,,,33.2400016784668
2018-10-01,35.47999954223633,35.47999954223633,32.709999084472656,33.72999954223633,4374400,0,0,-0.03324734501876403,0.936944431728787,,,,,,,,33.810001373291016
2018-10-02,33.63999938964844,34.349998474121094,32.88999938964844,33.41999816894531,2128000,0,0,-0.009190672324286164,0.9283332824707032,,,,34.829999923706055,,,,34.459999084472656
2018-10-03,33.400001525878906,34.29999923706055,32.75,34.25,1116500,0,0,0.024835484037397215,0.951388888888889,,,,35.15999984741211,,,,33.81999969482422
2018-10-04,34.209999084472656,35.40999984741211,33.040000915527344,34.02000045776367,1226700,0,0,-0.0067153151017905754,0.9450000127156576,,,,35.15999984741211,,,,34.459999084472656
2018-10-05,34.13999938964844,34.5,33.25,34.34000015258789,1488700,0,0,0.009406222531404884,0.9538888931274415,,,,35.15999984741211,,,,34.15999984741211
2018-10-08,34.0,34.63999938964844,33.849998474121094,34.0099983215332,963200,0,0,-0.009609837786498043,0.9447221755981446,,,,35.15999984741211,,,,34.5
2018-10-09,34.0099983215332,34.95000076293945,33.54999923706055,34.31999969482422,1131500,0,0,0.009115007015296994,0.9533333248562283,,,,35.15999984741211,,,,34.0099983215332
2018-10-10,34.45000076293945,34.47999954223633,33.25,33.529998779296875,1610300,0,0,-0.02301867489953635,0.9313888549804688,,,,34.459999084472656,,,,33.09000015258789
2018-10-11,33.5099983215332,33.7599983215332,31.76000022888184,32.38999938964844,1504200,0,0,-0.03399938655387991,0.8997222052680122,,,,33.61999988555908,,,,34.0
2018-10-12,32.65999984741211,33.86000061035156,32.0,32.58000183105469,1324800,0,0,0.005866083513017095,0.9050000508626302,,,,33.58500003814697,,,,33.79999923706055
2018-10-15,32.4900016784668,32.4900016784668,31.5,32.459999084472656,2530000,0,0,-0.003683325347994537,0.9016666412353516,,,,33.454999923706055,,,,33.130001068115234
2018-10-16,32.540000915527344,32.79999923706055,32.0099983215332,32.61000061035156,892500,0,0,0.0046211192270384505,0.9058333502875434,,,,33.454999923706055,,,,33.15999984741211
2018-10-17,32.4900016784668,32.93000030517578,31.440000534057617,32.93000030517578,721300,0,0,0.009812931273685432,0.9147222306993273,34.037499809265135,36.23735417624216,31.837645442288117,33.195000648498535,,,,33.61000061035156
2018-10-18,32.5,32.75,31.399999618530277,31.799999237060547,1102900,0,0,-0.03431524620841342,0.8833333121405708,33.82749977111816,36.039864402863735,31.61513513937259,33.17500019073486,,,,33.0
2018-10-19,31.8700008392334,32.380001068115234,31.32999992370605,31.61000061035156,890100,0,0,-0.005974799725389834,0.8780555725097656,33.702999877929685,36.113620284475545,31.292379471383825,33.140000343322754,,,,32.95000076293945
2018-10-22,31.540000915527344,32.2400016784668,31.200000762939453,31.8799991607666,747100,0,0,0.008541554735896684,0.8855555322435169,33.551999759674075,36.022046546891374,31.081952972456776,32.84000015258789,,,,33.47999954223633
2018-10-23,31.799999237060547,32.880001068115234,31.270000457763672,32.439998626708984,1717700,0,0,0.017565855730371283,0.9011110729641387,33.444999599456786,35.913030975854426,30.976968223059146,32.53000068664551,,,,33.47999954223633
2018-10-24,32.439998626708984,33.40999984741211,31.6200008392334,31.739999771118164,1596600,0,0,-0.02157826403280072,0.8816666603088382,33.2569995880127,35.64073056355313,30.873268612472266,32.53000068664551,,,,33.40999984741211
2018-10-25,31.739999771118164,32.5099983215332,31.309999465942383,31.959999084472656,927400,0,0,0.006931295366759294,0.8877777523464631,33.045499610900876,35.07085864932206,31.020140572479693,32.30500030517578,34.40500068664551,,,33.75
2018-10-26,31.729999542236328,32.869998931884766,31.600000381469727,32.43000030517578,861100,0,0,0.014705920968923536,0.9008333418104387,32.922499656677246,34.77442116094278,31.070578152411716,32.30500030517578,34.40500068664551,,,33.06999969482422
2018-10-29,32.41999816894531,32.88999938964844,30.59000015258789,30.90999984741211,1612000,0,0,-0.04687019560468775,0.8586111068725589,32.78149967193603,34.79054885737378,30.772450486498286,32.0,34.10000038146973,,,32.599998474121094
2018-10-30,30.600000381469727,31.06999969482422,30.100000381469727,30.850000381469727,1496900,0,0,-0.0019411021105976145,0.8569444550408261,32.652999782562254,34.807386971199925,30.498612593924584,31.755000114440918,33.855000495910645,,,33.56999969482422
2018-10-31,31.31999969482422,31.5,30.270000457763672,30.479999542236328,1229100,0,0,-0.01199354407320019,0.8466666539510094,32.46449975967407,34.68638133658126,30.242618182766876,31.755000114440918,33.855000495910645,,,33.380001068115234
2018-11-01,31.170000076293945,32.15999984741211,30.59000015258789,31.8799991607666,2148100,0,0,0.04593174670459832,0.8855555322435169,32.35749969482422,34.4718134008527,30.243185988795737,31.755000114440918,33.855000495910645,,,32.959999084472656
2018-11-02,32.650001525878906,33.13999938964844,31.940000534057617,33.099998474121094,1714700,0,0,0.0382684863698457,0.9194444020589194,32.295499610900876,34.23755499466426,30.353444227137498,31.755000114440918,33.15499973297119,,,32.869998931884766
2018-11-05,33.29999923706055,33.5,32.13999938964844,33.2400016784668,1651300,0,0,0.004229704253768007,0.9233333799574112,32.256999778747556,34.08774229161523,30.42625726587988,31.800000190734863,32.78999996185303,,,32.540000915527344
2018-11-06,34.29999923706055,34.650001525878906,33.25,33.810001373291016,2084400,0,0,0.017148004393557903,0.9391667048136395,32.2314998626709,33.95664334169529,30.506356383646516,32.375000953674316,32.75500011444092,,,32.369998931884766
2018-11-07,34.2599983215332,34.52000045776367,33.65999984741211,34.459999084472656,976200,0,0,0.01922501285951217,0.9572221967909074,32.27799987792969,34.18340794860729,30.372591807252086,32.375000953674316,32.75500011444092,,,31.76000022888184
2018-11-08,34.70000076293945,34.70000076293945,33.4900016784668,33.81999969482422,653300,0,0,-0.018572240471614432,0.9394444359673396,32.34949989318848,34.37141224023246,30.327587546144503,32.40000057220459,32.75500011444092,,,31.100000381469727
2018-11-09,33.72999954223633,34.5,33.16999816894531,34.459999084472656,751200,0,0,0.01892369590252785,0.9572221967909074,32.44349975585938,34.66661691376261,30.220382597956146,32.40000057220459,32.52500057220459,,,31.63999938964844
2018-11-12,34.25,34.689998626708984,33.97999954223633,34.15999984741211,1012700,0,0,-0.008705723883658645,0.9488888846503366,32.52849979400635,34.875562632756385,30.18143695525632,32.48500061035156,32.52500057220459,,,31.32999992370605
2018-11-13,34.290000915527344,34.849998474121094,33.91999816894531,34.5,615000,0,0,0.009953166103823907,0.9583333333333336,32.62299976348877,35.124423679750016,30.121575847227525,32.71999931335449,32.52500057220459,,,30.0
2018-11-14,34.529998779296875,34.91999816894531,33.849998474121094,34.0099983215332,362900,0,0,-0.014202947201936156,0.9447221755981448,32.67699966430664,35.249010312019266,30.10498901659402,33.429999351501465,32.50999927520752,,,29.6299991607666
2018-11-15,33.7599983215332,34.290000915527344,32.810001373291016,33.09000015258789,988300,0,0,-0.02705081488824479,0.9191666709052194,32.741499710083005,35.28657200209556,30.19642741807045,33.529998779296875,32.50999927520752,,,30.729999542236328
2018-11-16,33.0,34.22999954223633,32.81999969482422,34.0,409800,0,0,0.027500750777148086,0.9444444444444448,32.86099967956543,35.406784000132276,30.31521535899859,33.864999771118164,32.50999927520752,,,31.190000534057617
2018-11-19,33.83000183105469,34.16999816894531,33.540000915527344,33.79999923706055,516000,0,0,-0.005882375380572125,0.9388888676961267,32.956999683380126,35.49224036369141,30.421759003068843,33.864999771118164,32.50999927520752,,,31.31999969482422
2018-11-20,32.970001220703125,33.689998626708984,32.52000045776367,33.130001068115234,594400,0,0,-0.019822431481320346,0.9202778074476458,32.99149980545044,35.51630481477517,30.46669479612571,33.71999931335449,32.50999927520752,,,31.530000686645508
2018-11-21,33.529998779296875,33.54999923706055,32.88999938964844,33.15999984741211,413300,0,0,0.0009054868194902088,0.9211111068725589,33.062499809265134,35.5208155887508,30.604184029779468,33.71999931335449,32.50999927520752,,,31.799999237060547
2018-11-23,33.13999938964844,33.93000030517578,32.97999954223633,33.61000061035156,183600,0,0,0.013570590018400441,0.9336111280653214,33.14499988555908,35.55967133781864,30.730328433299523,33.71999931335449,32.50999927520752,,,31.09000015258789
2018-11-26,33.68000030517578,33.779998779296875,32.7400016784668,33.0,771300,0,0,-0.018149378139662664,0.9166666666666669,33.17349987030029,35.5668741603954,30.780125580205176,33.71999931335449,32.50999927520752,,,31.82999992370605
2018-11-27,32.75,33.150001525878906,32.75,32.95000076293945,395700,0,0,-0.001515128395774168,0.9152777989705405,33.27549991607666,35.43428765841472,31.116712173738605,33.71999931335449,32.50999927520752,,,32.650001525878906
2018-11-28,33.209999084472656,33.88999938964844,33.0099983215332,33.47999954223633,994500,0,0,0.016084939818665767,0.9299999872843425,33.40699987411499,35.25345690008491,31.560542848145065,33.40500068664551,32.50999927520752,,,32.5099983215332
2018-11-29,33.4900016784668,34.529998779296875,32.880001068115234,33.47999954223633,1962100,0,0,0.0,0.9299999872843425,33.55699987411499,34.816869553604654,32.29713019462533,33.52499961853027,32.50999927520752,,,32.54999923706055
2018-11-30,33.47999954223633,33.790000915527344,32.95000076293945,33.40999984741211,1325900,0,0,-0.0020907913913174037,0.9280555513170031,33.63349990844726,34.63317567135407,32.63382414554046,33.52499961853027,32.50999927520752,,,31.59000015258789
2018-12-03,33.709999084472656,34.65999984741211,33.599998474121094,33.75,1226600,0,0,0.010176598447791507,0.9375,33.66599998474121,34.635678589379175,32.69632138010325,33.59000015258789,32.50999927520752,33.355000495910645,,31.959999084472656
2018-12-04,33.66999816894531,34.060001373291016,32.970001220703125,33.06999969482422,648200,0,0,-0.020148157190393534,0.918611102634006,33.65749988555908,34.64497808100719,32.67002169011098,33.70000076293945,32.50999927520752,33.355000495910645,,31.559999465942383
2018-12-06,32.58000183105469,32.7599983215332,31.8799991607666,32.599998474121094,839700,0,0,-0.014212314032064688,0.9055555131700304,33.59699974060059,34.684069163463406,32.50993031773777,33.269999504089355,32.50999927520752,33.05000019073486,,31.709999084472656
2018-12-07,32.470001220703125,33.650001525878906,32.40999984741211,33.56999969482422,1087200,0,0,0.029754640064573623,0.9324999915228949,33.552499771118164,34.56407053012409,32.54092901211224,33.269999504089355,32.59499931335449,32.80500030517578,,31.559999465942383
2018-12-10,33.709999084472656,34.099998474121094,32.70000076293945,33.380001068115234,982900,0,0,-0.005659774454459643,0.9272222518920897,33.53049983978271,34.53691258630794,32.524087093257485,33.269999504089355,32.7549991607666,32.80500030517578,,31.75
2018-12-11,33.5,33.900001525878906,32.90999984741211,32.959999084472656,405900,0,0,-0.012582443684933442,0.9155555301242403,33.45549983978272,34.39424460123135,32.516755078334086,33.269999504089355,33.39999866485596,32.80500030517578,,31.520000457763672
2018-12-12,33.119998931884766,33.72999954223633,32.849998474121094,32.869998931884766,915600,0,0,-0.002730587229606174,0.9130555258856877,33.39099979400635,34.30389663088825,32.47810295712445,33.269999504089355,33.39999866485596,32.454999923706055,,30.979999542236328
2018-12-13,33.09000015258789,33.29999923706055,32.45000076293945,32.540000915527344,479500,0,0,-0.010039489719523953,0.9038889143202038,33.292999839782716,34.12504579139155,32.46095388817388,33.269999504089355,33.39999866485596,32.295000076293945,,30.3799991607666
2018-12-14,32.5,32.70000076293945,31.940000534057617,32.369998931884766,607400,0,0,-0.005224400087876391,0.8991666369967988,33.21099987030029,34.067398443548576,32.35460129705201,33.269999504089355,33.39999866485596,32.56500053405762,,30.229999542236328
2018-12-17,32.06999969482422,32.29999923706055,31.239999771118164,31.76000022888184,2133000,0,0,-0.01884456975999682,0.8822222285800508,33.14449987411499,34.21139506002901,32.07760468820097,32.66999912261963,33.07999897003174,32.56500053405762,,30.600000381469727
2018-12-18,32.2599983215332,33.709999084472656,30.190000534057617,31.100000381469727,1698600,0,0,-0.020780851469009876,0.8638888994852699,32.99949989318848,34.32253192137749,31.676467864999466,32.144999504089355,32.554999351501465,32.577500343322754,,30.5
2018-12-19,30.649999618530277,31.989999771118164,30.649999618530277,31.63999938964844,1979200,0,0,0.017363311947110605,0.8788888719346788,32.89149990081787,34.286985171674175,31.496014629961564,32.144999504089355,32.554999351501465,32.46250057220459,,30.5
2018-12-20,31.489999771118164,31.809999465942383,30.799999237060547,31.32999992370605,2465500,0,0,-0.00979770770930577,0.8702777756585014,32.80149984359741,34.349439858711,31.253559828483823,32.144999504089355,32.554999351501465,32.505000591278076,,30.15999984741211
2018-12-21,31.3700008392334,31.979999542236328,29.59000015258789,30.0,7853900,0,0,-0.04245132227720494,0.8333333333333333,32.64349985122681,34.607181962997124,30.679817739456492,31.7450008392334,32.2549991607666,32.62249994277954,,29.18000030517578
2018-12-24,29.43000030517578,29.770000457763672,28.850000381469727,29.6299991607666,468900,0,0,-0.012333361307779955,0.8230555322435167,32.444499778747556,34.756027310632994,30.132972246862114,31.289999961853027,31.755000114440918,32.96999931335449,,29.450000762939453
2018-12-26,29.780000686645508,30.790000915527344,29.399999618530277,30.729999542236328,1398500,0,0,0.03712454986925029,0.8536110983954535,32.330999755859374,34.74409172861582,29.917907783102926,31.27999973297119,31.755000114440918,33.0199990272522,,29.649999618530277
2018-12-27,30.440000534057617,31.299999237060547,29.8799991607666,31.190000534057617,756900,0,0,0.014969118082447386,0.8663889037238226,32.242999744415286,34.687882698111636,29.79811679071894,31.27999973297119,31.755000114440918,33.18749952316284,,30.21999931335449
2018-12-28,31.290000915527344,31.65999984741211,30.440000534057617,31.31999969482422,1805000,0,0,0.0041679755864272305,0.869999991522895,32.13499975204468,34.541896724191396,29.72810277989796,31.27999973297119,31.755000114440918,33.18749952316284,,29.01000022888184
2018-12-31,31.450000762939453,32.02000045776367,31.06999969482422,31.530000686645508,611900,0,0,0.00670501257559053,0.8758333524068196,32.037499809265135,34.374795742796536,29.700203875733735,31.27999973297119,31.755000114440918,33.114999294281006,,29.5
2019-01-02,31.479999542236328,32.060001373291016,31.200000762939453,31.799999237060547,761000,0,0,0.00856322691199285,0.8833333121405705,31.95699977874756,34.208060993673286,29.70593856382183,30.45500087738037,31.755000114440918,33.114999294281006,,29.690000534057617
2019-01-03,31.5,31.979999542236328,31.01000022888184,31.09000015258789,1041000,0,0,-0.022327015770654657,0.8636111153496634,31.82399978637695,33.94478282432848,29.703216748425426,30.45500087738037,31.755000114440918,33.114999294281006,,29.709999084472656
2019-01-04,31.239999771118164,32.150001525878906,31.170000076293945,31.82999992370605,649800,0,0,0.023801858072894255,0.88416666454739,31.761999797821044,33.80363671593891,29.72036287970318,30.500000953674316,31.755000114440918,33.114999294281006,,29.299999237060547
2019-01-07,31.82999992370605,32.880001068115234,31.63999938964844,32.650001525878906,738800,0,0,0.02576191027767294,0.9069444868299692,31.764499950408936,33.810399764505135,29.718600136312734,30.86500072479248,31.755000114440918,33.114999294281006,,29.420000076293945
2019-01-08,32.869998931884766,33.20000076293945,32.279998779296875,32.5099983215332,865900,0,0,-0.004287999932702458,0.9030555089314775,31.711499881744384,33.61612956821904,29.806870195269727,31.300000190734863,31.755000114440918,32.957499980926514,,29.34000015258789
2019-01-09,32.75,33.349998474121094,32.16999816894531,32.54999923706055,1614200,0,0,0.0012304188739638011,0.9041666454739037,31.66999979019165,33.4588348573983,29.881164722984998,31.614998817443848,31.755000114440918,33.0174994468689,,29.600000381469727
2019-01-10,32.310001373291016,32.439998626708984,31.25,31.59000015258789,1378800,0,0,-0.029493060122091408,0.8775000042385521,31.601499843597413,33.28844599626042,29.9145536909344,31.894999504089355,31.755000114440918,33.0174994468689,,29.15999984741211
2019-01-11,31.399999618530277,32.060001373291016,31.1200008392334,31.959999084472656,1506100,0,0,0.011712533399733216,0.8877777523464622,31.555999851226808,33.14912896030697,29.962870742146652,32.179999351501465,31.47499942779541,33.049999713897705,33.855000495910645,29.32999992370605
2019-01-14,31.799999237060547,31.93000030517578,31.170000076293945,31.559999465942383,2540500,0,0,-0.012515632978369107,0.8766666518317324,31.50699977874756,33.034279331033666,29.979720226461453,32.179999351501465,31.47499942779541,33.105000019073486,33.855000495910645,29.040000915527344
2019-01-15,31.65999984741211,32.029998779296875,31.07999992370605,31.709999084472656,2067600,0,0,0.00475283970432705,0.8808333079020177,31.473999786376954,32.95248785145235,29.99551172130156,32.179999351501465,31.47499942779541,32.88999938964844,33.855000495910645,29.190000534057617
2019-01-16,31.75,31.950000762939453,31.149999618530277,31.559999465942383,1645700,0,0,-0.00473035707540348,0.8766666518317324,31.46399974822998,32.937254518246135,29.990744978213826,32.214999198913574,31.47499942779541,32.932499408721924,33.855000495910645,29.0
2019-01-17,31.559999465942383,31.940000534057617,31.32999992370605,31.75,511900,0,0,0.006020295857820157,0.8819444444444441,31.496499729156493,32.96481763947706,30.028181818835925,32.214999198913574,31.375000953674316,33.01249933242798,33.855000495910645,29.049999237060547
2019-01-18,31.84000015258789,32.02000045776367,30.799999237060547,31.520000457763672,2547400,0,0,-0.007244080070435532,0.8755555682712127,31.490499782562257,32.95738766563686,30.02361189948766,32.07499885559082,31.289999961853027,33.334999084472656,33.855000495910645,29.71999931335449
2019-01-22,31.309999465942383,31.790000915527344,30.950000762939453,30.979999542236328,2107900,0,0,-0.01713200849254226,0.8605555428398977,31.47299976348877,32.955567099211635,29.9904324277659,32.07499885559082,31.27999973297119,33.334999084472656,33.15499973297119,30.239999771118164
2019-01-23,30.530000686645508,30.93000030517578,29.780000686645508,30.3799991607666,3009000,0,0,-0.01936734636331161,0.8438888655768497,31.4919997215271,32.90599957961525,30.077999863438954,31.109999656677246,31.27999973297119,33.334999084472656,32.78999996185303,31.030000686645508
2019-01-24,30.190000534057617,30.59000015258789,29.959999084472656,30.229999542236328,1774500,0,0,-0.004937446434297055,0.8397222095065643,31.521999740600585,32.79352319823541,30.250476282965753,30.92000102996826,31.27999973297119,33.334999084472656,32.75500011444092,31.0
2019-01-25,30.600000381469727,30.780000686645508,30.020000457763672,30.600000381469727,1439600,0,0,0.01223952513517057,0.8500000105963809,31.515499782562255,32.80455083332515,30.22644873179936,30.90499973297119,31.27999973297119,32.874999046325684,32.75500011444092,30.459999084472656
2019-01-28,30.649999618530277,30.71999931335449,30.26000022888184,30.5,1267700,0,0,-0.0032679862818002503,0.8472222222222219,31.480999755859376,32.83891116362207,30.12308834809668,30.90499973297119,31.09999942779541,32.34999942779541,32.75500011444092,29.700000762939453
2019-01-29,30.36000061035156,30.65999984741211,30.1200008392334,30.5,1858200,0,0,0.0,0.8472222222222219,31.439999771118163,32.86353902108638,30.01646052114994,30.90000057220459,31.09999942779541,32.34999942779541,32.52500057220459,29.280000686645508
2019-01-30,30.649999618530277,30.84000015258789,30.11000061035156,30.15999984741211,2236300,0,0,-0.011147545986488261,0.8377777735392249,31.371499729156493,32.900263585326805,29.842735872986182,30.90000057220459,31.09999942779541,32.34999942779541,32.52500057220459,29.399999618530277
2019-01-31,30.030000686645508,30.239999771118164,28.8799991607666,29.18000030517578,3093600,0,0,-0.032493353686817605,0.8105555640326603,31.240499782562257,33.02981484662306,29.45118471850145,30.449999809265137,31.09999942779541,32.0,32.27000045776367,30.700000762939453
2019-02-01,29.239999771118164,29.59000015258789,28.920000076293945,29.450000762939453,4237100,0,0,0.009252928544890349,0.8180555767483177,31.158499813079835,33.112489299026436,29.204510327133235,30.335000038146973,31.114998817443848,31.522500038146973,31.88499927520752,31.63999938964844
2019-02-04,29.75,29.90999984741211,29.15999984741211,29.649999618530277,1906400,0,0,0.006791132441752223,0.8236111005147295,31.049499797821046,33.08394266226604,29.01505693337605,29.90499973297119,31.114998817443848,31.517499923706055,31.88499927520752,31.57999992370605
2019-02-05,29.209999084472656,30.3799991607666,28.5,30.21999931335449,2183800,0,0,0.019224273259955904,0.8394444253709576,30.927999687194824,32.8516559008378,29.00434347355185,29.670000076293945,30.924999237060547,31.517499923706055,31.88499927520752,30.309999465942383
2019-02-06,28.0,29.600000381469727,28.0,29.01000022888184,6545600,0,0,-0.04003967941646969,0.8058333396911619,30.752999782562256,32.7060455027653,28.79995406235921,29.420000076293945,30.674999237060547,31.517499923706055,31.88499927520752,30.63999938964844
2019-02-07,28.899999618530277,29.690000534057617,28.780000686645508,29.5,4958600,0,0,0.016890719312381286,0.8194444444444441,30.600499820709228,32.4403019200651,28.760697721353356,29.420000076293945,30.674999237060547,31.517499923706055,31.88499927520752,31.63999938964844
2019-02-08,28.75,30.290000915527344,28.729999542236328,29.690000534057617,9957100,0,0,0.0064406960697498405,0.8247222370571557,30.505499839782715,32.32704521226392,28.683954467301515,29.420000076293945,30.674999237060547,31.105000495910645,31.88499927520752,32.83000183105469
2019-02-11,29.75,30.36000061035156,29.350000381469727,29.709999084472656,9173500,0,0,0.0006735786478715422,0.8252777523464623,30.392999839782714,32.115513287799,28.670486391766435,29.420000076293945,30.674999237060547,31.105000495910645,31.88499927520752,32.83000183105469
2019-02-12,29.75,29.850000381469727,28.88999938964844,29.299999237060547,9604100,0,0,-0.01380006260674671,0.8138888676961259,30.279999828338624,31.977528530771604,28.582471125905645,29.1899995803833,30.674999237060547,31.127500534057617,31.88499927520752,32.47999954223633
2019-02-13,29.270000457763672,29.530000686645508,28.940000534057617,29.420000076293945,7078500,0,0,0.0040955918893545995,0.8172222243414982,30.165499877929687,31.766958923449728,28.564040832409646,29.1899995803833,30.674999237060547,31.3100004196167,31.88499927520752,32.720001220703125
2019-02-14,29.51000022888184,29.950000762939453,29.15999984741211,29.34000015258789,8316900,0,0,-0.002719236012868609,0.8150000042385521,30.054499912261964,31.557645286622797,28.55135453790113,29.1899995803833,30.674999237060547,31.52750015258789,31.88499927520752,32.599998474121094
2019-02-15,29.6299991607666,29.739999771118164,29.200000762939453,29.600000381469727,7325500,0,0,0.008861630113485397,0.8222222328186032,29.946999931335448,31.24053887560355,28.653460987067344,29.1899995803833,30.219999313354492,31.684999465942383,31.88499927520752,32.7400016784668
2019-02-19,29.600000381469727,29.76000022888184,29.15999984741211,29.15999984741211,6942300,0,0,-0.014864882715780903,0.8099999957614471,29.82899990081787,30.943398192422325,28.714601609213414,29.18000030517578,30.030000686645508,31.824999809265137,31.88499927520752,32.689998626708984
2019-02-20,29.26000022888184,29.63999938964844,29.0,29.32999992370605,12650600,0,0,0.005829906624948977,0.8147222201029454,29.746499919891356,30.744921298589865,28.748078541192847,29.545000076293945,30.014999389648438,31.827499389648438,31.88499927520752,32.5
2019-02-21,29.57999992370605,29.57999992370605,28.899999618530277,29.040000915527344,10923100,0,0,-0.009887453424243464,0.8066666920979813,29.679500007629393,30.67873512029019,28.680264894968595,29.545000076293945,30.014999389648438,31.827499389648438,31.88499927520752,32.06999969482422
2019-02-22,29.229999542236328,29.36000061035156,28.989999771118164,29.190000534057617,9724800,0,0,0.005165275957345727,0.8108333481682666,29.62750005722046,30.61477384076836,28.640226273672557,29.625,30.010000228881836,31.827499389648438,31.88499927520752,32.16999816894531
2019-02-25,29.450000762939453,29.5,28.8799991607666,29.0,10242200,0,0,-0.006509096628344757,0.805555555555555,29.54750003814697,30.46249760986004,28.632502466433902,29.414999961853027,30.010000228881836,31.844999313354492,31.88499927520752,32.439998626708984
2019-02-26,28.950000762939453,29.26000022888184,28.84000015258789,29.049999237060547,13069200,0,0,0.0017241116227775244,0.8069444232516814,29.475,30.30117857394377,28.648821426056234,29.395000457763672,30.010000228881836,31.795000076293945,31.88499927520752,32.83000183105469
2019-02-27,29.100000381469727,29.950000762939453,28.940000534057617,29.71999931335449,14707400,0,0,0.023063686536665795,0.8255555364820687,29.435999965667726,30.126022762947596,28.745977168387856,29.395000457763672,29.895000457763672,31.682499408721924,31.88499927520752,32.97999954223633
2019-02-28,29.799999237060547,30.59000015258789,29.709999084472656,30.239999771118164,20033500,0,0,0.01749665106923537,0.8399999936421708,29.439999961853026,30.147659747972444,28.732340175733608,29.71500015258789,29.46500015258789,31.677499294281006,31.88499927520752,33.119998931884766
2019-03-01,30.200000762939453,31.51000022888184,30.13999938964844,31.030000686645508,23160100,0,0,0.026124369097445088,0.8619444635179304,29.532499980926513,30.51416712769695,28.550832834156076,30.175000190734863,29.755000114440918,31.19499969482422,31.88499927520752,33.41999816894531
2019-03-04,31.100000381469727,31.190000534057617,30.31999969482422,31.0,30316900,0,0,-0.0009668284235140323,0.8611111111111107,29.60999994277954,30.781935389154995,28.43806449640409,30.175000190734863,29.755000114440918,31.100000381469727,31.88499927520752,32.7599983215332
2019-03-05,30.989999771118164,31.040000915527344,30.229999542236328,30.459999084472656,22779200,0,0,-0.017419384371849755,0.8461110856797956,29.65049991607666,30.880360873802484,28.42063895835084,30.175000190734863,29.755000114440918,31.09249973297119,31.88499927520752,32.54999923706055
2019-03-06,30.25,30.440000534057617,29.280000686645508,29.700000762939453,26709100,0,0,-0.02495070073461103,0.8250000211927623,29.624499988555907,30.82647494539153,28.422525031720284,30.175000190734863,29.755000114440918,31.0024995803833,31.88499927520752,32.34000015258789
2019-03-07,29.399999618530277,29.59000015258789,29.049999237060547,29.280000686645508,17538500,0,0,-0.014141416346966307,0.8133333524068194,29.638000011444092,30.817683806271088,28.458316216617096,30.175000190734863,29.755000114440918,31.0,31.88499927520752,32.56999969482422
2019-03-08,29.149999618530277,29.399999618530277,28.88999938964844,29.399999618530277,14068400,0,0,0.004098324080282545,0.8166666560702852,29.632999992370607,30.815858868845776,28.450141115895438,30.175000190734863,29.755000114440918,31.0,31.88499927520752,32.13999938964844
2019-03-11,30.6299991607666,31.299999237060547,30.25,30.700000762939453,62959400,0,0,0.044217726574044214,0.8527777989705401,29.683500003814697,30.9556542165482,28.411345791081192,30.19999980926514,29.755000114440918,30.774999618530273,31.88499927520752,31.780000686645508
2019-03-12,30.75,32.060001373291016,30.670000076293945,31.63999938964844,21203800,0,0,0.03061884701461448,0.8788888719346787,29.780000019073487,31.31444995513309,28.245550083013885,30.475000381469727,30.030000686645508,30.72499942779541,31.755000114440918,31.18000030517578
2019-03-13,31.07999992370605,31.670000076293945,30.950000762939453,31.57999992370605,18804000,0,0,-0.0018963169121305468,0.8772222201029456,29.89400005340576,31.600016672730714,28.18798343408081,30.475000381469727,30.030000686645508,30.50999927520752,31.755000114440918,31.11000061035156
2019-03-14,31.649999618530277,31.899999618530277,30.25,30.309999465942383,29569900,0,0,-0.04021534074831712,0.8419444296095104,29.938500022888185,31.639102235994596,28.237897809781774,30.475000381469727,30.030000686645508,30.297499656677246,31.579999923706055,31.149999618530277
2019-03-15,30.31999969482422,30.690000534057617,30.059999465942383,30.63999938964844,30687200,0,0,0.010887493550663319,0.8511110941569009,30.00349998474121,31.707036282867502,28.29996368661492,30.475000381469727,30.395000457763672,30.047499656677246,31.329999923706055,31.6299991607666
2019-03-18,30.700000762939453,31.8700008392334,30.6299991607666,31.63999938964844,26440300,0,0,0.032637076368149165,0.8788888719346787,30.105499935150146,31.940856922803242,28.27014294749705,30.475000381469727,30.395000457763672,30.047499656677246,31.329999923706055,32.06999969482422
2019-03-19,32.11000061035156,33.220001220703125,31.8799991607666,32.83000183105469,16426200,0,0,0.03761069735657374,0.9119444953070743,30.289000034332275,32.42264822709513,28.15535184156942,31.05500030517578,31.030000686645508,30.047499656677246,31.329999923706055,32.38999938964844
2019-03-20,32.33000183105469,33.380001068115234,32.08000183105469,32.83000183105469,8119500,0,0,0.0,0.9119444953070743,30.464000129699706,32.819448779520485,28.108551479878926,31.135000228881836,31.110000610351562,30.047499656677246,31.329999923706055,32.720001220703125
2019-03-21,32.61000061035156,32.95000076293945,32.0099983215332,32.47999954223633,10187400,0,0,-0.010661049932908728,0.9022222095065644,30.636000061035155,33.052663414220525,28.219336707849784,31.72000026702881,31.110000610351562,29.932499408721924,31.329999923706055,32.279998779296875
2019-03-22,32.43000030517578,33.040000915527344,31.799999237060547,32.720001220703125,21385000,0,0,0.0073892143426512735,0.9088889227973088,30.812500095367433,33.296377875799976,28.328622314934893,31.72000026702881,31.110000610351562,29.932499408721924,31.329999923706055,31.5
2019-03-25,32.599998474121094,32.869998931884766,32.22999954223633,32.599998474121094,5050800,0,0,-0.003667565467757372,0.9055555131700302,30.992500019073486,33.4461568544591,28.538843183687874,31.72000026702881,31.110000610351562,29.932499408721924,31.329999923706055,31.440000534057617
2019-03-26,32.65999984741211,33.13999938964844,32.5099983215332,32.7400016784668,4001200,0,0,0.004294577021432655,0.9094444910685219,31.1770001411438,33.57226530425281,28.781734978034788,31.72000026702881,31.110000610351562,29.704999446868896,31.329999923706055,31.36000061035156
2019-03-27,32.56999969482422,32.939998626708984,32.2400016784668,32.689998626708984,5445700,0,0,-0.0015272770065464236,0.9080555174085826,31.325500106811525,33.70914171690997,28.941858496713078,31.72000026702881,31.110000610351562,29.605000495910645,31.329999923706055,32.130001068115234
2019-03-28,32.779998779296875,32.91999816894531,32.43000030517578,32.5,2223200,0,0,-0.005812133211708037,0.9027777777777775,31.438500118255615,33.819840152731636,29.057160083779596,32.00500011444092,31.110000610351562,29.77999973297119,31.049999237060547,32.16999816894531
2019-03-29,32.45000076293945,32.619998931884766,31.700000762939453,32.06999969482422,4066000,0,0,-0.013230778620793249,0.890833324856228,31.490500068664552,33.87937799405461,29.101622143274497,32.540000915527344,31.110000610351562,29.77999973297119,31.049999237060547,31.1200008392334
2019-04-01,32.5099983215332,32.599998474121094,32.099998474121094,32.16999816894531,4624400,0,0,0.0031181314335102517,0.8936110602484807,31.548999977111816,33.944330549267995,29.153669404955636,32.540000915527344,31.110000610351562,29.817500114440918,31.049999237060547,31.38999938964844
2019-04-02,32.16999816894531,32.970001220703125,32.09000015258789,32.439998626708984,4867000,0,0,0.008392927358768398,0.9011110729641382,31.647999954223632,34.01838138907642,29.277618519370847,32.420000076293945,31.110000610351562,29.71250009536743,31.049999237060547,32.959999084472656
2019-04-03,32.599998474121094,33.459999084472656,32.58000183105469,32.83000183105469,7161400,0,0,0.012022294107762344,0.9119444953070743,31.804500007629393,34.048358887366845,29.56064112789194,32.579999923706055,31.174999237060547,29.702500343322754,30.950000762939453,33.29999923706055
2019-04-04,32.72999954223633,33.15999984741211,32.72999954223633,32.97999954223633,2864300,0,0,0.004568921803706827,0.9161110983954532,31.989499950408934,33.96112775884704,30.017872141970827,32.579999923706055,31.174999237060547,29.645000457763672,30.864999771118164,32.150001525878906
2019-04-05,33.20000076293945,33.470001220703125,33.029998779296875,33.119998931884766,3704000,0,0,0.004244978520061782,0.9199999703301321,32.17549991607666,33.803393397925916,30.547606434227404,32.58500099182129,31.18000030517578,29.59000015258789,30.854999542236328,32.599998474121094
2019-04-08,33.20000076293945,33.45000076293945,32.79999923706055,33.41999816894531,2068100,0,0,0.009057948270998706,0.9283332824707028,32.311499786376956,33.876173342343904,30.746826230410008,32.58500099182129,31.18000030517578,29.96500015258789,30.854999542236328,32.75
2019-04-09,33.20000076293945,33.2599983215332,32.720001220703125,32.7599983215332,2995200,0,0,-0.01974865001714443,0.909999953375922,32.36749973297119,33.91185164260701,30.823147823335365,32.58500099182129,31.18000030517578,29.96500015258789,30.854999542236328,33.0
2019-04-10,32.88999938964844,32.9900016784668,32.470001220703125,32.54999923706055,3306200,0,0,-0.006410228792186001,0.9041666454739037,32.41599969863891,33.918283281050364,30.913716116227462,32.58500099182129,31.18000030517578,29.96500015258789,30.854999542236328,33.040000915527344
2019-04-11,32.709999084472656,32.95000076293945,32.060001373291016,32.34000015258789,3255400,0,0,-0.006451584927644416,0.8983333375718854,32.51749973297119,33.66624052421562,31.36875894172676,32.76500129699707,31.18000030517578,29.96500015258789,30.674999237060547,32.650001525878906
2019-04-12,32.52000045776367,32.779998779296875,32.38999938964844,32.56999969482422,3751000,0,0,0.007111921495087659,0.9047222137451167,32.61399974822998,33.36884177135915,31.85915772510081,32.76500129699707,31.18000030517578,29.96500015258789,30.674999237060547,32.7400016784668
2019-04-15,32.650001525878906,32.7599983215332,31.989999771118164,32.13999938964844,2943400,0,0,-0.013202342929223732,0.8927777608235673,32.63899974822998,33.287747665384174,31.99025183107578,32.730000495910645,31.765000343322754,29.96500015258789,30.674999237060547,32.290000915527344
2019-04-16,32.349998474121094,32.5,31.709999084472656,31.780000686645508,2453200,0,0,-0.011200955502160825,0.8827777968512638,32.58649969100952,33.32915933780709,31.843840044211955,32.59000015258789,31.765000343322754,29.977499961853027,30.674999237060547,32.38999938964844
2019-04-17,31.780000686645508,32.0,30.93000030517578,31.18000030517578,4064300,0,0,-0.018879810211012926,0.8661111195882158,32.503999614715575,33.45899238351624,31.549006845914914,32.20000076293945,31.765000343322754,30.252500534057617,30.674999237060547,32.099998474121094
2019-04-18,31.32999992370605,31.520000457763672,30.75,31.11000061035156,6101800,0,0,-0.002245019055134634,0.8641666836208763,32.43549966812134,33.56944040197399,31.301558934268684,32.10000038146973,31.765000343322754,30.252500534057617,30.674999237060547,31.96999931335449
2019-04-22,31.030000686645508,31.31999969482422,30.81999969482422,31.149999618530277,4760500,0,0,0.0012857282993883334,0.8652777671813963,32.3569995880127,33.61344594725982,31.10055322876558,32.0049991607666,31.765000343322754,30.252500534057617,30.674999237060547,31.739999771118164
2019-04-23,31.1200008392334,31.71999931335449,31.06999969482422,31.6299991607666,3652500,0,0,0.015409295284574798,0.8786110877990719,32.30849962234497,33.598487844192945,31.018511400496994,31.8700008392334,32.05000019073486,30.4350004196167,30.674999237060547,31.51000022888184
2019-04-24,31.59000015258789,32.34000015258789,31.40999984741211,32.06999969482422,3288400,0,0,0.013910861388936935,0.8908333248562279,32.27499952316284,33.55303941154385,30.996959634781835,31.850000381469727,32.11000061035156,30.4350004196167,30.674999237060547,31.280000686645508
2019-04-25,32.06999969482422,32.56999969482422,31.809999465942383,32.38999938964844,2610800,0,0,0.009978163326139988,0.8997222052680117,32.25999956130981,33.525040321998844,30.99495880062078,31.764999389648438,32.11000061035156,31.042500495910645,30.674999237060547,31.93000030517578
2019-04-26,31.6299991607666,32.72999954223633,31.399999618530277,32.720001220703125,5052700,0,0,0.010188386454868414,0.9088889227973087,32.27099962234497,33.54809643437293,30.99390281031702,31.7549991607666,32.11000061035156,31.1225004196167,30.690000534057617,32.72999954223633
2019-04-29,32.58000183105469,32.779998779296875,32.16999816894531,32.279998779296875,3952400,0,0,-0.013447506876248072,0.8966666327582462,32.281499576568606,33.555225672177045,31.007773480960168,31.764999389648438,32.11000061035156,31.415000438690186,30.690000534057617,32.900001525878906
2019-04-30,32.189998626708984,32.20000076293945,31.450000762939453,31.5,5158800,0,0,-0.02416353187092235,0.8749999999999997,32.24799966812134,33.56663981441616,30.929359521826512,31.764999389648438,32.11000061035156,31.415000438690186,30.690000534057617,32.5
2019-05-01,31.51000022888184,31.780000686645508,31.3700008392334,31.440000534057617,2200400,0,0,-0.0019047449505518177,0.8733333481682668,32.19799976348877,33.559341349576464,30.83665817740107,31.764999389648438,32.11000061035156,31.415000438690186,30.690000534057617,32.689998626708984
2019-05-02,31.0,31.3799991607666,30.600000381469727,31.36000061035156,4774700,0,0,-0.002544526792211621,0.8711111280653208,32.12449970245361,33.50022915154149,30.748770253365734,31.6899995803833,32.035000801086426,31.415000438690186,30.690000534057617,32.45000076293945
2019-05-03,31.549999237060547,32.150001525878906,31.489999771118164,32.130001068115234,3542800,0,0,0.024553585547747225,0.8925000296698672,32.08199977874756,33.40008746199294,30.763912095502178,31.6899995803833,32.035000801086426,31.415000438690186,30.690000534057617,32.56999969482422
2019-05-06,31.709999084472656,32.20000076293945,31.5,32.16999816894531,1494300,0,0,0.0012448521475392216,0.8936110602484806,32.03449974060059,33.26411331577384,30.804886165427337,31.6899995803833,32.035000801086426,31.55750036239624,30.690000534057617,33.18000030517578
2019-05-07,31.93000030517578,31.93000030517578,30.6299991607666,31.1200008392334,4073200,0,0,-0.0326390236081987,0.864444467756483,31.91949987411499,33.03280089812584,30.806198850104142,31.6899995803833,32.035000801086426,31.825000762939453,30.690000534057617,32.54999923706055
2019-05-08,31.21999931335449,31.40999984741211,30.93000030517578,31.38999938964844,4245100,0,0,0.008676045730521054,0.8719444274902342,31.850999927520753,32.91604381904118,30.78595603600033,31.6899995803833,32.035000801086426,31.825000762939453,30.690000534057617,31.950000762939453
2019-05-09,32.06999969482422,33.849998474121094,32.06999969482422,32.959999084472656,6249900,0,0,0.050015919890140426,0.9155555301242401,31.871499919891356,33.00397416672973,30.739025673052975,32.22499942779541,32.22499942779541,31.765000343322754,30.690000534057617,31.489999771118164
2019-05-10,32.869998931884766,33.439998626708984,32.5,33.29999923706055,3686500,0,0,0.010315538896603416,0.924999978807237,31.91949987411499,33.20066805291341,30.638331695316577,32.22499942779541,32.22499942779541,31.8774995803833,30.729999542236328,32.779998779296875
2019-05-13,32.810001373291016,32.86000061035156,31.790000915527344,32.150001525878906,2522100,0,0,-0.034534466592472945,0.8930555979410804,31.898499965667725,33.14941749245631,30.647582438879137,32.22499942779541,32.22499942779541,31.8774995803833,30.729999542236328,33.119998931884766
2019-05-14,32.52000045776367,32.779998779296875,32.11000061035156,32.599998474121094,2952600,0,0,0.013996793993305667,0.90555551317003,31.921499919891357,33.20616364466462,30.636836195118093,32.22499942779541,32.22499942779541,31.882500648498535,30.735000610351562,32.93000030517578
2019-05-15,32.279998779296875,32.959999084472656,32.060001373291016,32.75,1979900,0,0,0.004601274015334056,0.9097222222222218,31.969999885559083,33.30251105230626,30.63748871881191,32.23999881744385,32.22499942779541,31.882500648498535,30.735000610351562,33.72999954223633
2019-05-16,33.2599983215332,33.58000183105469,32.9900016784668,33.0,3057500,0,0,0.007633587786259444,0.9166666666666661,32.06099987030029,33.41392852471112,30.708071215889465,32.23999881744385,32.22499942779541,31.882500648498535,30.735000610351562,33.529998779296875
2019-05-17,32.7599983215332,33.40999984741211,32.54999923706055,33.040000915527344,2287900,0,0,0.0012121489553740261,0.9177778032090923,32.15749988555908,33.50051372429567,30.814486046822495,32.23999881744385,32.22499942779541,31.882500648498535,30.735000610351562,34.790000915527344
2019-05-20,32.97999954223633,33.02000045776367,32.54999923706055,32.650001525878906,1054900,0,0,-0.011803855291818599,0.906944486829969,32.23249998092651,33.507156266703575,30.957843695149446,32.38999938964844,32.22499942779541,31.972500801086426,30.735000610351562,34.290000915527344
2019-05-21,32.849998474121094,32.93000030517578,32.40999984741211,32.7400016784668,2847800,0,0,0.0027565129672828537,0.9094444910685214,32.28800010681152,33.54933748292903,31.026662730694017,32.81999969482422,32.22499942779541,31.972500801086426,30.735000610351562,34.2599983215332
2019-05-22,32.41999816894531,32.72999954223633,31.709999084472656,32.290000915527344,3517400,0,0,-0.013744677454779142,0.8969444698757588,32.29900016784668,33.55632852312261,31.041671812570748,32.64500045776367,32.22499942779541,32.2475004196167,30.735000610351562,33.79999923706055
2019-05-23,32.150001525878906,32.54999923706055,31.88999938964844,32.38999938964844,2358600,0,0,0.0030968866920348948,0.8997222052680114,32.29900016784668,33.55632852312261,31.041671812570748,32.64500045776367,32.22499942779541,32.17750024795532,30.735000610351562,34.959999084472656
2019-05-24,32.66999816894531,32.689998626708984,31.700000762939453,32.099998474121094,3704100,0,0,-0.008953409107504529,0.8916666242811407,32.26800003051758,33.512652220795275,31.02334784023988,32.64000129699707,32.22499942779541,31.982500553131104,30.735000610351562,33.9900016784668
2019-05-28,32.119998931884766,32.540000915527344,31.670000076293945,31.96999931335449,4649400,0,0,-0.004049818284926454,0.8880555364820684,32.25250005722046,33.503944729956466,31.00105538448445,32.625000953674316,32.22499942779541,31.93250036239624,30.735000610351562,34.75
2019-05-29,31.799999237060547,31.959999084472656,31.26000022888184,31.739999771118164,5402700,0,0,-0.007194230440294325,0.8816666603088371,32.264500045776366,33.49093666542551,31.038063426127223,32.42000102996826,32.22499942779541,31.884999752044678,30.735000610351562,34.189998626708984
2019-05-30,31.81999969482422,32.02000045776367,31.190000534057617,31.51000022888184,1337200,0,0,-0.007246362441552745,0.8752777841356059,32.26800003051758,33.48527130284466,31.05072875819049,32.30000019073486,32.22499942779541,31.96000051498413,31.100000381469727,33.36000061035156
2019-05-31,31.020000457763672,31.440000534057617,30.8700008392334,31.280000686645508,2096900,0,0,-0.0072992554924045105,0.8688889079623744,32.26400003433228,33.4937775345549,31.034222534109652,31.945000648498535,32.22499942779541,31.980000495910645,31.100000381469727,34.06999969482422
2019-06-03,31.350000381469727,31.96999931335449,31.100000381469727,31.93000030517578,1729400,0,0,0.020780038499416564,0.8869444529215486,32.2539999961853,33.49128463287746,31.016715359493137,31.90000057220459,32.22499942779541,31.9375,31.155000686645508,33.15999984741211
2019-06-04,32.2599983215332,32.880001068115234,32.08000183105469,32.72999954223633,2090300,0,0,0.02505478325757693,0.9091666539510082,32.28200006484985,33.53582916385613,31.02817096584358,31.875000953674316,32.22499942779541,31.932499885559082,31.155000686645508,33.86000061035156
2019-06-05,32.880001068115234,33.15999984741211,32.5099983215332,32.900001525878906,2162100,0,0,0.005194072289038676,0.9138889312744131,32.371000099182126,33.53042803839098,31.211572159973276,32.015000343322754,32.22499942779541,31.9375,31.155000686645508,33.310001373291016
2019-06-06,32.77000045776367,32.869998931884766,32.22999954223633,32.5,3602700,0,0,-0.01215810052666011,0.9027777777777768,32.426500129699704,33.49448998653266,31.358510272866745,32.015000343322754,32.22499942779541,31.9375,31.155000686645508,33.68000030517578
2019-06-07,32.7400016784668,33.0099983215332,32.470001220703125,32.689998626708984,1626900,0,0,0.005846111591045755,0.908055517408582,32.41300010681152,33.4600704309395,31.365929782683544,32.015000343322754,32.22499942779541,31.9375,31.155000686645508,33.349998474121094
2019-06-10,33.0,33.02000045776367,32.34000015258789,32.45000076293945,1915000,0,0,-0.007341629668146998,0.9013889100816506,32.37050018310547,33.33499637506671,31.406003991144228,32.015000343322754,32.23999881744385,31.862500190734863,31.155000686645508,33.18000030517578
2019-06-11,32.54999923706055,33.31999969482422,32.34000015258789,32.56999969482422,1582800,0,0,0.0036979639156684563,0.9047222137451162,32.391500091552736,33.35414560152958,31.42885458157589,32.09500026702881,32.23999881744385,31.862500190734863,31.155000686645508,32.84000015258789
2019-06-12,32.84000015258789,33.41999816894531,32.630001068115234,33.18000030517578,1173200,0,0,0.018728910533226006,0.9216666751437707,32.42050018310547,33.44040401141252,31.40059635479842,32.144999504089355,32.23999881744385,31.862500190734863,31.155000686645508,32.5
2019-06-13,33.099998474121094,33.27000045776367,32.45000076293945,32.54999923706055,1724800,0,0,-0.01898737378905202,0.9041666454739031,32.4105001449585,33.421063561145075,31.39993672877192,32.25999927520752,32.359999656677246,31.862500190734863,31.155000686645508,32.189998626708984
2019-06-14,32.599998474121094,32.599998474121094,31.8799991607666,31.950000762939453,3199800,0,0,-0.018433133277556357,0.8875000211927616,32.35800018310547,33.34931551883959,31.366684847371346,32.64999866485596,32.359999656677246,31.862500190734863,31.155000686645508,33.0099983215332
2019-06-17,32.06999969482422,32.20000076293945,31.489999771118164,31.489999771118164,3279700,0,0,-0.014397526786755765,0.8747222158643925,32.28050012588501,33.288820122884594,31.27218012888543,32.45499897003174,32.22500133514404,32.22499942779541,31.344999313354492,33.400001525878906
2019-06-18,31.799999237060547,32.880001068115234,31.780000686645508,32.779998779296875,2494600,0,0,0.040965354638137,0.9105555216471344,32.286999988555905,33.306499491806036,31.267500485305774,32.45499897003174,32.22500133514404,32.22499942779541,31.369998931884766,32.90999984741211
2019-06-19,32.86000061035156,33.38999938964844,32.810001373291016,33.119998931884766,2005900,0,0,0.010372183198573692,0.9199999703301313,32.30599985122681,33.372172790635844,31.239826911817772,32.45499897003174,32.22500133514404,32.22499942779541,31.369998931884766,33.15999984741211
2019-06-20,33.279998779296875,33.86000061035156,32.93000030517578,32.93000030517578,3078700,0,0,-0.005736673696751571,0.9147222306993261,32.33799982070923,33.43857239607036,31.23742724534809,32.67500019073486,32.36500072479248,32.22499942779541,31.369998931884766,33.0099983215332
2019-06-21,33.25,33.79999923706055,32.9900016784668,33.72999954223633,4703200,0,0,0.02429393348456199,0.9369444317287857,32.404999828338624,33.66370385028684,31.14629580639041,32.67500019073486,32.36500072479248,32.23249912261963,31.369998931884766,33.349998474121094
2019-06-24,33.689998626708984,33.689998626708984,33.15999984741211,33.529998779296875,1601800,0,0,-0.005929462367439853,0.9313888549804675,32.47649984359741,33.81841998872165,31.134579698473168,32.67500019073486,32.36500072479248,32.23249912261963,31.369998931884766,32.959999084472656
2019-06-25,33.72999954223633,34.90999984741211,33.650001525878906,34.790000915527344,6721100,0,0,0.03757835317931657,0.9663889143202028,32.617499923706056,34.27601157240316,30.95898827500895,33.19999980926514,32.890000343322754,32.23249912261963,31.369998931884766,33.060001373291016
2019-06-26,34.90999984741211,35.459999084472656,34.04999923706055,34.290000915527344,2971900,0,0,-0.014371945583273704,0.9525000254313138,32.744999980926515,34.5042080994852,30.985791862367833,33.47499942779541,33.16499996185303,32.307499408721924,31.369998931884766,32.88999938964844
2019-06-27,34.43000030517578,34.849998474121094,33.720001220703125,34.2599983215332,2543600,0,0,-0.0008749662640152867,0.9516666200425877,32.882499885559085,34.66408497128635,31.100914799831816,33.47499942779541,33.16499996185303,32.522499561309814,31.369998931884766,31.809999465942383
2019-06-28,34.2599983215332,34.52000045776367,33.79999923706055,33.79999923706055,6069000,0,0,-0.01342671065408474,0.9388888676961251,33.00849981307984,34.67007349453371,31.346926131625963,33.61999988555908,33.16499996185303,32.43499994277954,31.95499897003174,32.84000015258789
2019-07-01,34.27000045776367,34.9900016784668,34.13999938964844,34.959999084472656,2443900,0,0,0.03431952288745044,0.9711110856797948,33.159999752044676,34.949648410376575,31.370351093712777,34.135000228881836,33.16499996185303,32.43499994277954,31.95499897003174,31.46999931335449
2019-07-02,34.97999954223633,35.08000183105469,33.779998779296875,33.9900016784668,2245400,0,0,-0.027745921951029984,0.9441667132907432,33.2229998588562,35.036476235943866,31.40952348176853,34.19499969482422,33.16499996185303,32.43250036239624,31.95499897003174,31.32999992370605
2019-07-03,34.040000915527344,34.790000915527344,33.86000061035156,34.75,1800200,0,0,0.02235946701981706,0.9652777777777767,33.315499782562256,35.24019562664298,31.390803938481532,34.22500038146973,33.16499996185303,32.42500019073486,31.95499897003174,30.649999618530277
2019-07-05,34.560001373291016,34.59000015258789,34.029998779296875,34.189998626708984,1056400,0,0,-0.01611514743283493,0.9497221840752486,33.39999971389771,35.32243058306825,31.477568844727166,34.30999946594238,33.16499996185303,32.322500228881836,31.95499897003174,29.739999771118164
2019-07-08,34.20000076293945,34.290000915527344,32.380001068115234,33.36000061035156,4185000,0,0,-0.024276047080886154,0.9266666836208758,33.433499813079834,35.32812424551037,31.538875380649298,33.920000076293945,33.16499996185303,32.26249980926514,32.22499942779541,29.850000381469727
2019-07-09,33.220001220703125,35.22999954223633,32.959999084472656,34.06999969482422,10117400,0,0,0.021282945787846952,0.9463888804117828,33.514499759674074,35.37175903850477,31.65724048084338,33.920000076293945,33.27999973297119,32.08500003814697,32.22499942779541,28.51000022888184
2019-07-10,34.119998931884766,34.2400016784668,32.779998779296875,33.15999984741211,2752400,0,0,-0.026709711052634755,0.9211111068725576,33.54399976730347,35.358092611487784,31.729906923119152,33.80500030517578,33.47499942779541,32.0625,32.22499942779541,29.190000534057617
2019-07-11,33.09000015258789,33.869998931884766,33.09000015258789,33.86000061035156,1582000,0,0,0.02110979391316503,0.9405555725097646,33.57799978256226,35.38898264967386,31.767016915450657,33.80500030517578,33.47499942779541,32.05000019073486,32.22499942779541,29.36000061035156
2019-07-12,33.83000183105469,33.939998626708984,32.66999816894531,33.310001373291016,1847800,0,0,-0.01624333216616669,0.9252778159247494,33.61599988937378,35.369473794793294,31.86252598395427,33.80500030517578,33.47499942779541,32.11999988555908,32.22499942779541,29.809999465942383
2019-07-15,33.2599983215332,33.84000015258789,33.04999923706055,33.68000030517578,2373600,0,0,0.011107742918961439,0.9355555640326597,33.702499866485596,35.278588274459885,32.126411458511306,33.80500030517578,33.47499942779541,32.11999988555908,32.22499942779541,27.26000022888184
2019-07-16,33.68000030517578,33.900001525878906,33.25,33.349998474121094,1664000,0,0,-0.009798154039920681,0.9263888465033628,33.79549980163574,35.01388165332199,32.577117949949496,33.80500030517578,33.47499942779541,32.11999988555908,32.22499942779541,26.38999938964844
2019-07-17,33.349998474121094,33.59000015258789,33.06999969482422,33.18000030517578,2615100,0,0,-0.00509739660339803,0.9216666751437708,33.81549987792969,34.977794096536826,32.65320565932255,33.80500030517578,33.47499942779541,32.1274995803833,32.22499942779541,27.049999237060547
2019-07-18,33.290000915527344,33.380001068115234,32.720001220703125,32.84000015258789,1404400,0,0,-0.010247141333957543,0.9122222264607738,33.801499938964845,35.003471365960046,32.599528511969645,33.80500030517578,33.47499942779541,32.16749954223633,32.22499942779541,26.40999984741211
2019-07-19,33.04999923706055,33.2599983215332,32.43000030517578,32.5,2475100,0,0,-0.010353232369309184,0.9027777777777768,33.77999992370606,35.057415277546426,32.50258456986569,33.829999923706055,33.47499942779541,32.1924991607666,32.22499942779541,25.8799991607666
2019-07-22,32.54999923706055,32.66999816894531,32.13999938964844,32.189998626708984,1442800,0,0,-0.009538503793569686,0.8941666285196931,33.702999877929685,35.15849460168358,32.24750515417579,33.19000053405762,33.47499942779541,32.30999946594238,32.22499942779541,25.6200008392334
2019-07-23,32.34000015258789,33.220001220703125,32.060001373291016,33.0099983215332,2261000,0,0,0.025473741217989287,0.9169443978203657,33.6769998550415,35.162523872843494,32.19147583723951,33.0,33.47499942779541,32.5049991607666,32.22499942779541,25.780000686645508
2019-07-24,32.83000183105469,33.45000076293945,32.709999084472656,33.400001525878906,1501500,0,0,0.0118146993085817,0.9277778201633019,33.60749988555908,35.00474581597463,32.21025395514353,33.0,33.61999988555908,32.34000015258789,32.22499942779541,25.93000030517578
2019-07-25,33.29999923706055,33.47999954223633,32.630001068115234,32.90999984741211,2893500,0,0,-0.014670708265900334,0.9141666624281132,33.53849983215332,34.93034347537655,32.14665618893009,32.98000144958496,33.760000228881836,32.34000015258789,32.22499942779541,26.020000457763672
2019-07-26,32.900001525878906,33.31999969482422,32.900001525878906,33.15999984741211,1412100,0,0,0.007596475270712055,0.9211111068725577,33.483499908447264,34.843172901464506,32.12382691543002,32.98000144958496,33.760000228881836,32.34000015258789,32.22499942779541,26.040000915527344
2019-07-29,33.20000076293945,33.58000183105469,32.9900016784668,33.0099983215332,2839300,0,0,-0.0045235683525074455,0.9169443978203659,33.4439998626709,34.810557311515204,32.077442413826596,32.82500076293945,33.760000228881836,32.52000045776367,32.230000495910645,26.36000061035156
2019-07-30,32.93000030517578,33.5099983215332,32.7400016784668,33.349998474121094,1327700,0,0,0.010299914264645604,0.9263888465033627,33.36349983215332,34.537543434150784,32.18945623015586,32.82000160217285,33.760000228881836,32.52000045776367,32.230000495910645,26.489999771118164
2019-07-31,33.369998931884766,33.619998931884766,32.959999084472656,32.959999084472656,1774400,0,0,-0.011694135157189534,0.9155555301242395,33.31199970245361,34.46143953940574,32.162559865501485,32.84000015258789,33.760000228881836,32.52000045776367,32.230000495910645,27.350000381469727
2019-08-01,33.099998474121094,33.56999969482422,32.5099983215332,33.060001373291016,2021600,0,0,0.0030340501091055128,0.9183333714803051,33.22749977111816,34.169349825499566,32.285649716736756,32.84000015258789,33.760000228881836,33.045000076293945,32.75500011444092,26.989999771118164
2019-08-02,33.2400016784668,33.279998779296875,32.45000076293945,32.88999938964844,1145600,0,0,-0.005142225546908796,0.9136110941569002,33.162499809265135,34.00257009476507,32.3224295237652,32.84000015258789,33.64500045776367,33.31999969482422,33.02999973297119,27.90999984741211
2019-08-05,32.4900016784668,32.650001525878906,31.440000534057617,31.809999465942383,1395800,0,0,-0.03283672677859539,0.8836110962761765,33.08499975204468,34.10646921671012,32.063530287379244,32.52999973297119,33.33500003814697,33.31999969482422,33.02999973297119,28.739999771118164
2019-08-06,32.0,32.90999984741211,31.959999084472656,32.84000015258789,1815800,0,0,0.03237977692355143,0.9122222264607738,33.02349977493286,33.9422338931916,32.10476565667412,32.52999973297119,33.33500003814697,33.392499923706055,33.02999973297119,28.3799991607666
2019-08-07,32.5099983215332,33.91999816894531,30.989999771118164,31.46999931335449,6355800,0,0,-0.041717443144574484,0.8741666475931793,32.93899974822998,34.07890684018719,31.799092656272776,32.45499897003174,33.109999656677246,33.65000009536743,33.02999973297119,28.68000030517578
2019-08-08,31.56999969482422,31.899999618530277,30.950000762939453,31.32999992370605,5602500,0,0,-0.004448661986116709,0.8702777756585004,32.81249971389771,34.07210959925216,31.552889828543258,32.43499946594238,33.09000015258789,33.67999982833862,33.02999973297119,28.31999969482422
2019-08-09,31.170000076293945,31.38999938964844,30.21999931335449,30.649999618530277,4429600,0,0,-0.021704446435738656,0.8513888782925066,32.67949962615967,34.23209844313345,31.126900809185884,32.0699987411499,32.72499942779541,33.69500017166138,33.02999973297119,28.07999992370605
2019-08-12,30.600000381469727,30.600000381469727,29.68000030517578,29.739999771118164,2740100,0,0,-0.029690044330765608,0.8261111047532813,32.48249959945679,34.431418788582064,30.533580410331513,31.799999237060547,32.454999923706055,33.737499713897705,33.02999973297119,27.479999542236328
2019-08-13,29.61000061035156,30.82999992370605,28.600000381469727,29.850000381469727,6486700,0,0,0.0036987428109662712,0.8291666772630469,32.307499694824216,34.52638908460037,30.088610305048068,31.25999927520752,31.914999961853027,33.542500019073486,33.02999973297119,27.1299991607666
2019-08-14,29.040000915527344,29.540000915527344,28.5,28.51000022888184,4904200,0,0,-0.04489112681619034,0.7919444508022724,32.07399969100952,34.80618750372015,29.341811878298884,31.209999084472656,31.3700008392334,33.59999990463257,33.02999973297119,27.530000686645508
2019-08-15,28.88999938964844,29.450000762939453,28.420000076293945,29.190000534057617,3972400,0,0,0.02385129076522796,0.8108333481682661,31.891499710083007,34.87365192735268,28.909347492813332,31.16999912261963,31.179999351501465,33.639999866485596,33.02999973297119,28.06999969482422
2019-08-16,29.43000030517578,29.520000457763672,29.0,29.36000061035156,3469800,0,0,0.0058239148058798484,0.8155555725097644,31.734499740600587,34.899056589487785,28.56994289171339,31.16999912261963,31.179999351501465,33.639999866485596,33.02999973297119,27.549999237060547
2019-08-19,29.56999969482422,29.950000762939453,29.3799991607666,29.809999465942383,1422900,0,0,0.015326936179700379,0.8280555407206206,31.615499782562257,34.88108629773685,28.349913267387667,31.16999912261963,31.16999912261963,33.639999866485596,33.02999973297119,26.979999542236328
2019-08-20,27.93000030517578,28.75,26.809999465942383,27.26000022888184,16782600,0,0,-0.08554174044766061,0.7572222285800501,31.327999877929688,35.03909654947086,27.616903206388514,29.354999542236328,30.364998817443848,33.639999866485596,33.02999973297119,26.700000762939453
2019-08-21,27.459999084472656,27.479999542236328,26.200000762939453,26.38999938964844,10385400,0,0,-0.031914924135313716,0.7330555386013445,30.977499771118165,35.1413414132274,26.813658129008928,28.795000076293945,30.059999465942383,33.639999866485596,33.02999973297119,26.399999618530277
2019-08-22,26.61000061035156,27.25,26.34000015258789,27.049999237060547,4225400,0,0,0.02500946808172322,0.7513888676961253,30.684499740600586,35.083835955791336,26.285163525409835,28.515000343322754,30.059999465942383,33.639999866485596,33.04499912261963,26.59000015258789
2019-08-23,27.100000381469727,27.780000686645508,26.3799991607666,26.40999984741211,5059300,0,0,-0.023659867197762807,0.7336111068725576,30.346999740600587,34.96747409658607,25.7265253846151,28.515000343322754,30.059999465942383,33.639999866485596,33.04499912261963,26.170000076293945
2019-08-26,26.71999931335449,26.780000686645508,25.670000076293945,25.8799991607666,5610600,0,0,-0.020068182116912858,0.7188888655768491,29.990499782562257,34.8315242420282,25.14947532309631,27.8100004196167,29.79499912261963,33.65249967575073,33.04499912261963,25.950000762939453
2019-08-27,26.200000762939453,26.459999084472656,25.51000022888184,25.6200008392334,8977000,0,0,-0.010046303321653682,0.7116666899787045,29.603999900817872,34.544805961498064,24.663193840137684,27.730000495910645,29.714999198913574,33.332499980926514,33.16499996185303,26.850000381469727
2019-08-28,25.63999938964844,25.96999931335449,25.51000022888184,25.780000686645508,2476300,0,0,0.00624511483883694,0.7161111301845965,29.244999980926515,34.2017935191362,24.288206442716827,27.730000495910645,29.714999198913574,33.237499713897705,33.16499996185303,26.780000686645508
2019-08-29,25.770000457763672,26.26000022888184,25.540000915527344,25.93000030517578,3808800,0,0,0.005818448973431423,0.7202777862548819,28.88849992752075,33.719137532161064,24.05786232288044,27.730000495910645,29.714999198913574,33.30999994277954,33.16499996185303,26.63999938964844
2019-08-30,26.13999938964844,26.479999542236328,25.950000762939453,26.020000457763672,2127100,0,0,0.0034708889906927,0.7227777904934345,28.544999980926512,33.15847372901221,23.931526232840813,27.130000114440918,29.714999198913574,33.3700008392334,33.16499996185303,26.68000030517578
2019-09-03,25.76000022888184,26.059999465942383,25.670000076293945,26.040000915527344,4812500,0,0,0.0007686570873099985,0.7233333587646475,28.256500053405762,32.73544244533028,23.777557661481246,26.645000457763672,29.714999198913574,33.3700008392334,33.16499996185303,26.81999969482422
2019-09-04,26.07999992370605,26.799999237060547,26.059999465942383,26.36000061035156,4234400,0,0,0.012288774330779795,0.7322222391764313,27.932500076293945,31.9469675335158,23.91803261907209,26.645000457763672,29.714999198913574,33.292500495910645,33.16499996185303,26.549999237060547
2019-09-05,26.950000762939453,27.09000015258789,26.420000076293945,26.489999771118164,2570700,0,0,0.004931682767699064,0.7358333269755036,27.68350009918213,31.392377057443845,23.974623140920414,26.645000457763672,29.714999198913574,33.290000915527344,33.16499996185303,26.88999938964844
2019-09-06,26.670000076293945,27.93000030517578,26.670000076293945,27.350000381469727,6931600,0,0,0.0324651044840405,0.7597222328186025,27.484500122070312,30.79049658476643,24.178503659374194,26.72000026702881,29.714999198913574,33.30000019073486,33.16499996185303,26.63999938964844
2019-09-09,27.46999931335449,27.479999542236328,26.6200008392334,26.989999771118164,6200400,0,0,-0.01316272780001393,0.7497222158643925,27.301500129699708,30.27094702828144,24.332053231117975,26.72000026702881,29.714999198913574,33.30000019073486,33.16499996185303,27.11000061035156
2019-09-10,27.0,27.950000762939453,26.6299991607666,27.90999984741211,3260500,0,0,0.03408670189313723,0.7752777735392243,27.210000133514406,29.977010980415628,24.442989286613184,26.730000495910645,29.714999198913574,33.24250030517578,33.16499996185303,27.06999969482422
2019-09-11,27.770000457763672,28.82999992370605,27.670000076293945,28.739999771118164,4615100,0,0,0.029738442430805367,0.7983333269755035,27.154500102996828,29.744484316246147,24.564515889747508,27.1850004196167,29.714999198913574,32.93249988555908,33.16499996185303,26.46999931335449
2019-09-12,28.76000022888184,28.8799991607666,28.3799991607666,28.3799991607666,2862200,0,0,-0.012526117370165735,0.7883333100212935,27.148000049591065,29.72482099834228,24.57117910083985,27.274999618530273,29.714999198913574,32.93249988555908,33.16499996185303,26.229999542236328
2019-09-13,28.450000762939453,28.790000915527344,28.020000457763672,28.68000030517578,5541000,0,0,0.010570865161402487,0.7966666751437707,27.122500038146974,29.62626473206035,24.6187353442336,27.274999618530273,28.70499992370606,32.78249931335449,33.16499996185303,26.36000061035156
2019-09-16,28.489999771118164,28.979999542236328,28.21999931335449,28.31999969482422,3310200,0,0,-0.01255232240309967,0.7866666581895606,27.070499992370607,29.423285757528134,24.71771422721308,27.519999504089355,28.44999980926514,32.76249980926514,33.16499996185303,26.040000915527344
2019-09-17,28.200000762939453,28.32999992370605,27.979999542236328,28.07999992370605,1727900,0,0,-0.00847456828052262,0.7799999978807226,26.98400001525879,29.031923441893284,24.936076588624296,27.699999809265137,28.170000076293945,32.397499084472656,32.839999198913574,26.170000076293945
2019-09-18,27.940000534057617,28.06999969482422,27.290000915527344,27.479999542236328,4260900,0,0,-0.02136753501068145,0.7633333206176748,26.994999980926515,29.05117137635534,24.93882858549769,27.800000190734863,28.170000076293945,32.1274995803833,32.56999969482422,26.299999237060547
2019-09-19,27.649999618530277,27.940000534057617,27.040000915527344,27.1299991607666,3285800,0,0,-0.01273654975618832,0.7536110877990713,27.03199996948242,29.069641541162355,24.994358397802486,27.800000190734863,27.730000495910645,31.587499618530273,32.02999973297119,26.8700008392334
2019-09-20,27.149999618530277,27.86000061035156,26.88999938964844,27.530000686645508,13023000,0,0,0.014743882722169754,0.7647222412957075,27.05600004196167,29.10532490064785,25.00667518327549,27.804999351501465,27.730000495910645,31.289999961853027,31.979999542236328,27.149999618530277
2019-09-23,27.739999771118164,28.3700008392334,27.600000381469727,28.06999969482422,6488700,0,0,0.019614928976033674,0.7797222137451161,27.139000034332277,29.21153182622071,25.066468242443843,27.934999465942383,27.730000495910645,31.174999237060547,31.9399995803833,27.18000030517578
2019-09-24,28.229999542236328,28.3799991607666,27.36000061035156,27.549999237060547,5114500,0,0,-0.01852513229131081,0.7652777565850141,27.222500038146972,29.217709423738256,25.227290652555688,27.934999465942383,27.730000495910645,31.174999237060547,31.9399995803833,27.1299991607666
2019-09-25,27.6299991607666,27.739999771118164,26.63999938964844,26.979999542236328,7541900,0,0,-0.020689644668209217,0.7494444317287858,27.29049997329712,29.149216946337674,25.431783000256566,27.809999465942383,27.244999885559082,31.16999912261963,31.9399995803833,27.020000457763672
2019-09-26,27.020000457763672,27.15999984741211,26.46999931335449,26.700000762939453,3065300,0,0,-0.01037801275194783,0.7416666878594282,27.336499977111817,29.08448633164037,25.588513622583264,27.72499942779541,27.244999885559082,29.859999179840088,31.13499927520752,27.399999618530277
2019-09-27,26.71999931335449,26.959999084472656,26.280000686645508,26.399999618530277,1782300,0,0,-0.01123599759688354,0.7333333227369512,27.35999994277954,29.042429843689234,25.67757004186985,27.329999923706055,27.244999885559082,29.427499771118164,30.829999923706055,27.280000686645508
2019-09-30,26.540000915527344,26.729999542236328,26.200000762939453,26.59000015258789,1874300,0,0,0.007196990030418515,0.7386111153496627,27.38849992752075,28.996017498409778,25.780982356631725,27.289999961853027,27.244999885559082,29.28749990463257,30.829999923706055,27.43000030517578
2019-10-01,26.700000762939453,26.8799991607666,25.88999938964844,26.170000076293945,3987800,0,0,-0.01579541458758016,0.7269444465637198,27.39499988555908,28.981338345350466,25.808661425767696,27.13499927520752,27.244999885559082,29.28749990463257,30.829999923706055,26.68000030517578
2019-10-02,25.899999618530277,26.18000030517578,25.6200008392334,25.950000762939453,2889400,0,0,-0.008406546148762795,0.7208333545260951,27.374499893188478,29.02385017595606,25.725149610420896,27.0,27.244999885559082,28.802499771118164,30.5649995803833,26.920000076293945
2019-10-03,25.84000015258789,26.86000061035156,25.84000015258789,26.850000381469727,3784400,0,0,0.03468206520500794,0.7458333439297137,27.392499923706055,29.010055928046466,25.774943919365644,27.0,27.244999885559082,28.72249984741211,30.484999656677246,27.229999542236328
2019-10-04,26.790000915527344,27.13999938964844,26.600000381469727,26.780000686645508,5870700,0,0,-0.0026070649471025,0.7438889079623743,27.363999938964845,29.003722513547384,25.724277364382306,27.0,27.260000228881836,28.72249984741211,30.484999656677246,26.56999969482422
2019-10-07,26.700000762939453,26.979999542236328,26.520000457763672,26.63999938964844,2450100,0,0,-0.005227830224324159,0.7399999830457891,27.346499919891357,29.009374917762653,25.683624922020062,26.68000030517578,27.300000190734863,28.72249984741211,30.484999656677246,26.209999084472656
2019-10-08,26.32999992370605,27.059999465942383,26.200000762939453,26.68000030517578,2678100,0,0,0.0015015359025452035,0.7411111195882152,27.284999942779542,28.950975316033393,25.619024569525692,26.390000343322754,27.300000190734863,28.422499656677246,30.484999656677246,26.0
2019-10-09,26.739999771118164,27.11000061035156,26.65999984741211,26.81999969482422,1855800,0,0,0.005247353375077646,0.744999991522894,27.188999938964844,28.723237460857504,25.654762417072185,26.380000114440918,27.300000190734863,28.179999828338623,30.484999656677246,25.290000915527344
2019-10-10,26.84000015258789,27.020000457763672,26.43000030517578,26.549999237060547,2001700,0,0,-0.010067131276506935,0.7374999788072365,27.097499942779542,28.552074106379077,25.642925779180008,26.380000114440918,27.300000190734863,28.179999828338623,30.484999656677246,26.11000061035156
2019-10-11,26.799999237060547,27.290000915527344,26.709999084472656,26.88999938964844,2024800,0,0,0.012806032480531915,0.7469444274902336,27.007999897003174,28.26726760962195,25.748732184384398,26.45500087738037,27.300000190734863,28.179999828338623,30.484999656677246,25.540000915527344
2019-10-14,26.82999992370605,26.93000030517578,26.559999465942383,26.63999938964844,1265600,0,0,-0.009297136692990815,0.7399999830457892,26.923999881744386,28.036009789888947,25.811989973599825,26.45500087738037,27.300000190734863,28.21749973297119,30.484999656677246,26.270000457763672
2019-10-15,26.799999237060547,27.25,26.51000022888184,27.11000061035156,2029300,0,0,0.017642688869045076,0.7530555725097646,26.87549991607666,27.857261575137393,25.893738257015926,26.565000534057617,27.300000190734863,28.21749973297119,30.484999656677246,26.350000381469727
2019-10-16,27.059999465942383,27.399999618530277,26.96999931335449,27.06999969482422,1915200,0,0,-0.0014755040437758327,0.7519444359673385,26.854999923706053,27.801531158393182,25.908468689018925,26.800000190734863,27.300000190734863,28.22249984741211,30.369999885559082,26.399999618530277
2019-10-17,27.15999984741211,27.280000686645508,26.36000061035156,26.46999931335449,4305300,0,0,-0.02216477237657488,0.7352777587042905,26.821999931335448,27.773943642482458,25.870056220188438,26.800000190734863,27.300000190734863,28.449999809265137,30.369999885559082,26.790000915527344
2019-10-18,26.43000030517578,26.739999771118164,26.09000015258789,26.229999542236328,2419200,0,0,-0.0090668597409852,0.7286110983954527,26.75699987411499,27.683618184346237,25.83038156388374,26.744999885559082,27.300000190734863,28.494999408721924,30.369999885559082,27.809999465942383
2019-10-21,26.38999938964844,26.76000022888184,25.96999931335449,26.36000061035156,3000900,0,0,0.0049561978796797135,0.7322222391764314,26.671499919891357,27.387292407634682,25.95570743214803,26.684999465942383,27.300000190734863,27.989999771118164,30.369999885559082,27.65999984741211
2019-10-22,26.3700008392334,26.59000015258789,25.809999465942383,26.040000915527344,2721100,0,0,-0.012139593604506671,0.7233333587646477,26.596000003814698,27.239348825318032,25.952651182311364,26.604999542236328,27.0,27.984999656677246,30.369999885559082,27.8700008392334
2019-10-23,26.149999618530277,26.18000030517578,25.799999237060547,26.170000076293945,1951700,0,0,0.004992287104301996,0.7269444465637198,26.555500030517578,27.19903979951058,25.911960261524577,26.59999942779541,27.0,27.93499994277954,30.369999885559082,27.709999084472656
2019-10-24,26.18000030517578,26.440000534057617,25.950000762939453,26.299999237060547,1876000,0,0,0.004967487978128071,0.7305555343627921,26.53549995422363,27.18473269982309,25.886267208624172,26.59999942779541,27.0,27.985000133514404,30.369999885559082,27.6200008392334
2019-10-25,26.270000457763672,27.020000457763672,26.21999931335449,26.8700008392334,2661900,0,0,0.02167306535011737,0.7463889122009267,26.55900001525879,27.22095231445581,25.897047716061767,26.59999942779541,27.0,27.765000343322754,30.369999885559082,27.299999237060547
2019-10-28,26.82999992370605,27.229999542236328,26.82999992370605,27.149999618530277,1429900,0,0,0.010420497601475676,0.7541666560702845,26.58699998855591,27.297940958292948,25.87605901881887,26.59999942779541,27.0,27.767499923706055,29.875000953674316,27.170000076293945
2019-10-29,27.040000915527344,27.309999465942383,26.799999237060547,27.18000030517578,1568300,0,0,0.0011049976820267648,0.7550000084771041,26.6375,27.3662425301386,25.9087574698614,26.554999351501465,27.0,27.832499980926514,29.72499942779541,27.15999984741211
2019-10-30,27.15999984741211,27.290000915527344,26.989999771118164,27.1299991607666,1246200,0,0,-0.0018396300164742474,0.7536110877990714,26.69649991989136,27.38240481808914,26.01059502169358,26.554999351501465,26.68000030517578,27.832499980926514,29.72499942779541,27.09000015258789
2019-10-31,27.1200008392334,27.3799991607666,26.940000534057617,27.020000457763672,2274400,0,0,-0.00405450447495781,0.7505555682712122,26.704999923706055,27.402544869535724,26.007454977876385,26.589999198913574,26.510000228881836,27.527499675750732,29.714999198913574,26.850000381469727
2019-11-01,27.21999931335449,27.799999237060547,27.11000061035156,27.399999618530277,2189500,0,0,0.01406362525273086,0.761111100514729,26.735999870300294,27.497057048827827,25.97494269177276,26.799999237060547,26.710000038146973,27.484999656677246,29.714999198913574,26.459999084472656
2019-11-04,27.709999084472656,27.709999084472656,27.26000022888184,27.280000686645508,2252400,0,0,-0.0043795231224607045,0.7577777968512632,26.767999935150147,27.563637477377153,25.97236239292314,26.799999237060547,26.710000038146973,27.28749990463257,29.714999198913574,26.790000915527344
2019-11-05,27.40999984741211,27.780000686645508,27.209999084472656,27.43000030517578,2791900,0,0,0.005498519602446406,0.7619444529215486,26.805499935150145,27.65071896019493,25.96028091010536,26.875,26.710000038146973,27.267499923706055,29.714999198913574,27.479999542236328
2019-11-06,27.0,27.0,25.989999771118164,26.68000030517578,5224500,0,0,-0.02734232561632466,0.7411111195882152,26.798499965667723,27.64545867976937,25.951541251566077,26.894999504089355,26.710000038146973,27.1899995803833,29.714999198913574,27.780000686645508
2019-11-07,27.11000061035156,27.770000457763672,26.520000457763672,26.920000076293945,4584500,0,0,0.008995493567202306,0.7477777798970531,26.817000007629396,27.657508258045414,25.976491757213378,26.894999504089355,26.799999237060547,27.12249994277954,29.714999198913574,28.309999465942383
2019-11-08,26.8799991607666,27.350000381469727,26.6200008392334,27.229999542236328,3690800,0,0,0.011515581911731632,0.7563888761732304,26.834000015258788,27.693473803084853,25.974526227432722,26.894999504089355,26.799999237060547,27.12249994277954,29.714999198913574,28.76000022888184
2019-11-11,27.059999465942383,27.15999984741211,26.479999542236328,26.56999969482422,3654400,0,0,-0.024237967627887325,0.7380555470784496,26.830500030517577,27.69370790561297,25.967292155422182,26.894999504089355,26.799999237060547,27.130000114440918,29.714999198913574,28.190000534057617
2019-11-12,26.76000022888184,26.979999542236328,26.1299991607666,26.209999084472656,7950700,0,0,-0.013549138670923222,0.7280555301242395,26.78549995422363,27.679363062027917,25.891636846419345,26.894999504089355,26.799999237060547,26.990000247955322,29.714999198913574,28.950000762939453
2019-11-13,26.209999084472656,26.43000030517578,26.0,26.0,11728100,0,0,-0.008012174429913088,0.7222222222222212,26.731999969482423,27.67846954222897,25.785530396735876,26.894999504089355,26.799999237060547,26.84500026702881,29.714999198913574,28.799999237060547
2019-11-14,26.18000030517578,26.36000061035156,25.25,25.290000915527344,6155800,0,0,-0.02730765709510219,0.7025000254313141,26.673000049591064,27.80802166020528,25.537978438976847,26.515000343322754,26.524999618530273,26.84000015258789,29.714999198913574,29.06999969482422
2019-11-15,25.530000686645508,26.31999969482422,25.5,26.11000061035156,5279900,0,0,0.03242386971685551,0.7252777947319867,26.667000102996827,27.8126599903289,25.521340215664754,26.515000343322754,26.524999618530273,26.84000015258789,29.714999198913574,29.43000030517578
2019-11-18,25.950000762939453,26.31999969482422,25.5,25.540000915527344,4302900,0,0,-0.021830704002290702,0.7094444698757586,26.626000118255615,27.868372535608227,25.383627700903002,26.510000228881836,26.524999618530273,26.877500534057617,29.714999198913574,29.15999984741211
2019-11-19,25.709999084472656,26.63999938964844,25.479999542236328,26.270000457763672,6848300,0,0,0.028582596557094053,0.7297222349378789,26.637500095367432,27.861897172729204,25.41310301800566,26.510000228881836,26.524999618530273,26.877500534057617,29.714999198913574,29.34000015258789
2019-11-20,26.209999084472656,26.959999084472656,26.1299991607666,26.350000381469727,4484300,0,0,0.003045295862658115,0.7319444550408248,26.64650011062622,27.859489421647805,25.433510799604637,26.300000190734863,26.524999618530273,26.93250036239624,29.714999198913574,29.290000915527344
2019-11-21,26.6299991607666,27.0,26.36000061035156,26.399999618530277,5575700,0,0,0.0018975042253019936,0.7333333227369512,26.651500129699706,27.85949518929435,25.44350507010506,26.204999923706055,26.524999618530273,27.050000190734863,29.714999198913574,29.450000762939453
2019-11-22,26.40999984741211,26.950000762939453,26.350000381469727,26.790000915527344,2890600,0,0,0.014772776614864869,0.7441666920979808,26.647500133514406,27.853075852184872,25.44192441484394,26.125,26.524999618530273,27.050000190734863,29.714999198913574,29.46999931335449
2019-11-25,26.8799991607666,27.959999084472656,26.809999465942383,27.809999465942383,5437900,0,0,0.0380738527643667,0.7724999851650651,26.68050012588501,27.973247174694063,25.38775307707596,26.604999542236328,26.604999542236328,27.022500038146973,29.714999198913574,29.100000381469727
2019-11-26,27.979999542236328,28.040000915527344,27.34000015258789,27.65999984741211,3011700,0,0,-0.005393729644402545,0.7683333290947798,26.704500102996825,28.050755620554195,25.358244585439454,26.645000457763672,26.645000457763672,26.992499828338623,28.70499992370606,28.82999992370605
2019-11-27,27.6299991607666,28.06999969482422,27.36000061035156,27.8700008392334,2067600,0,0,0.007592226788856404,0.7741666899787044,26.741500186920167,28.17150515534244,25.311495218497893,26.774999618530273,26.65999984741211,26.802499771118164,28.44999980926514,28.709999084472656
2019-11-29,27.700000762939453,27.989999771118164,27.65999984741211,27.709999084472656,1401300,0,0,-0.005741002868414058,0.769722196790906,26.776000118255617,28.2639754322399,25.288024804271334,26.774999618530273,26.65999984741211,26.799999713897705,28.170000076293945,28.559999465942383
2019-12-02,27.770000457763672,27.979999542236328,27.479999542236328,27.6200008392334,2721500,0,0,-0.0032478617182520875,0.76722224553426,26.78700017929077,28.29659638876374,25.277403969817804,26.774999618530273,26.65999984741211,26.799999713897705,28.170000076293945,28.040000915527344
2019-12-03,27.190000534057617,27.479999542236328,27.0,27.299999237060547,1472300,0,0,-0.01158586504162229,0.7583333121405696,26.788000106811523,28.298941676844784,25.277058536778263,27.09999942779541,26.65999984741211,26.799999713897705,27.730000495910645,28.729999542236328
2019-12-04,27.450000762939453,27.530000686645508,27.170000076293945,27.170000076293945,1509500,0,0,-0.004761874153832335,0.7547222243414974,26.77500009536743,28.26779279522394,25.282207395510923,27.210000038146973,26.65999984741211,26.799999713897705,27.730000495910645,28.40999984741211
2019-12-05,27.15999984741211,27.239999771118164,26.739999771118164,27.15999984741211,1838700,0,0,-0.0003680614226631018,0.7544444402058907,26.79900007247925,28.30041459573536,25.297585549223136,27.210000038146973,26.65999984741211,26.777499675750732,27.730000495910645,29.280000686645508
2019-12-06,27.309999465942383,27.530000686645508,27.030000686645508,27.09000015258789,1801900,0,0,-0.0025773083658867657,0.7525000042385513,26.807500076293945,28.313526226986415,25.301473925601474,27.40499973297119,26.65999984741211,26.617499828338623,27.730000495910645,30.84000015258789
2019-12-09,27.07999992370605,27.26000022888184,26.84000015258789,26.850000381469727,3288700,0,0,-0.008859349197723687,0.7458333439297135,26.788500118255616,28.282129316385497,25.294870920125735,27.40499973297119,26.65999984741211,26.549999713897705,27.244999885559082,30.61000061035156
2019-12-10,26.770000457763672,26.780000686645508,26.07999992370605,26.459999084472656,4661200,0,0,-0.014525187763730019,0.7349999745686837,26.78300008773804,28.280655487375064,25.285344688101013,27.074999809265137,26.65999984741211,26.75499963760376,27.244999885559082,30.0
2019-12-11,26.270000457763672,26.86000061035156,26.26000022888184,26.790000915527344,2431300,0,0,0.01247172496118254,0.7441666920979805,26.81200017929077,28.286176511042875,25.337823847538665,27.03499984741211,26.65999984741211,26.75499963760376,27.244999885559082,30.6200008392334
2019-12-12,26.86000061035156,27.6200008392334,26.63999938964844,27.479999542236328,1887500,0,0,0.025755826917835734,0.7633333206176744,26.886000156402588,28.33788211718703,25.434118195618147,27.02999973297119,26.65999984741211,26.792500019073486,27.244999885559082,32.22999954223633
2019-12-13,27.5,27.780000686645508,27.299999237060547,27.780000686645508,3248200,0,0,0.010917072394709626,0.7716666857401517,27.010500144958495,28.311214955051625,25.709785334865366,26.93000030517578,26.65999984741211,26.802499771118164,27.244999885559082,32.25
2019-12-16,27.90999984741211,28.530000686645508,27.790000915527344,28.309999465942383,5532700,0,0,0.019078429308738487,0.7863888740539537,27.120500087738037,28.469726142972142,25.771274032503932,27.30500030517578,26.890000343322754,26.84749937057495,27.244999885559082,31.56999969482422
2019-12-17,28.290000915527344,28.780000686645508,28.1299991607666,28.76000022888184,3609700,0,0,0.015895470555582936,0.7988888952467164,27.28150005340576,28.605888404578703,25.95711170223282,27.43000030517578,27.015000343322754,26.84749937057495,27.244999885559082,31.13999938964844
2019-12-18,28.32999992370605,28.86000061035156,28.0,28.190000534057617,7467300,0,0,-0.019819182555214532,0.783055570390488,27.37750005722046,28.672394759360703,26.082605355080215,27.470000267028805,27.05500030517578,26.84749937057495,27.260000228881836,31.559999465942383
2019-12-19,29.63999938964844,29.920000076293945,28.600000381469727,28.950000762939453,6296400,0,0,0.026959922471929243,0.8041666878594279,27.507500076293944,28.884059299562153,26.130940853025734,28.0,27.585000038146973,26.84749937057495,27.300000190734863,31.739999771118164
2019-12-20,28.899999618530277,29.09000015258789,28.68000030517578,28.799999237060547,5499500,0,0,-0.005181399721098878,0.7999999788072361,27.62750005722046,29.015468438678685,26.239531675762233,28.0,27.585000038146973,26.84749937057495,27.300000190734863,31.71999931335449
2019-12-23,28.920000076293945,29.200000762939453,28.729999542236328,29.06999969482422,2107200,0,0,0.00937501614292513,0.8074999915228936,27.741499996185304,29.208743478191572,26.274256514179037,28.09000015258789,27.699999809265137,26.519999980926514,27.114999771118164,30.899999618530277
2019-12-24,29.049999237060547,29.450000762939453,29.01000022888184,29.43000030517578,839700,0,0,0.012383922054724383,0.8175000084771038,27.822500038146973,29.466206921217978,26.17879315507597,28.27999973297119,27.699999809265137,26.519999980926514,27.114999771118164,31.299999237060547
2019-12-26,29.5,29.56999969482422,29.020000457763672,29.15999984741211,1490200,0,0,-0.009174327385793046,0.8099999957614462,27.897500038146973,29.639735623060854,26.15526445323309,28.609999656677246,27.699999809265137,26.517499923706055,27.114999771118164,31.65999984741211
2019-12-27,29.239999771118164,29.440000534057617,29.059999465942383,29.34000015258789,1614500,0,0,0.00617285000403589,0.8150000042385513,27.971000003814698,29.824133453532987,26.11786655409641,28.855000495910645,28.0,26.517499923706055,27.114999771118164,31.6299991607666
2019-12-30,29.32999992370605,29.729999542236328,29.170000076293945,29.290000915527344,1232100,0,0,-0.001704132133623637,0.813611136542425,28.05000009536743,29.98567946832921,26.11432072240565,28.960000038146973,28.0,26.41249990463257,27.114999771118164,31.68000030517578
2019-12-31,29.11000061035156,29.459999084472656,29.020000457763672,29.450000762939453,1210300,0,0,0.00546260984673741,0.8180555767483169,28.141500091552736,30.159396536697265,26.123603646408206,28.960000038146973,28.0,26.364999771118164,27.114999771118164,31.38999938964844
2020-01-02,29.670000076293945,29.76000022888184,29.299999237060547,29.46999931335449,1664700,0,0,0.0006790679082155915,0.8186110920376234,28.250000095367433,30.308633784106213,26.191366406628653,29.260000228881836,28.0,26.324999809265137,27.114999771118164,31.489999771118164
2020-01-03,29.030000686645508,29.59000015258789,29.0,29.100000381469727,4342300,0,0,-0.012555104869551026,0.8083333439297133,28.34650011062622,30.373952713430175,26.319047507822265,29.22000026702881,28.0,26.604999542236328,27.114999771118164,31.75
2020-01-06,29.0,29.040000915527344,28.700000762939453,28.82999992370605,5715300,0,0,-0.009278366124545023,0.8008333312140556,28.43000011444092,30.390866534176702,26.469133694705135,29.230000495910645,28.0,26.645000457763672,27.114999771118164,31.36000061035156
2020-01-07,28.850000381469727,28.8700008392334,28.450000762939453,28.709999084472656,3147700,0,0,-0.004162360026047751,0.7974999745686836,28.511000061035155,30.374133440087068,26.647866681983242,29.105000495910645,28.0,26.71749973297119,26.8149995803833,31.1200008392334
2020-01-08,28.739999771118164,28.959999084472656,28.479999542236328,28.559999465942383,3899400,0,0,-0.00522464727668337,0.7933333184983983,28.59650001525879,30.29484208422698,26.898157946290603,29.105000495910645,28.0,26.71749973297119,26.8149995803833,30.979999542236328
2020-01-09,28.530000686645508,28.549999237060547,27.61000061035156,28.040000915527344,14582100,0,0,-0.018207232497855386,0.7788889143202028,28.675500106811523,30.089297598928997,27.261702614694048,28.6850004196167,28.0,26.71749973297119,26.8149995803833,30.450000762939453
2020-01-10,28.5,29.059999465942383,28.31999969482422,28.729999542236328,19853200,0,0,0.024607653501426796,0.7980555428398969,28.772500038146973,29.887206580041404,27.65779349625254,28.6850004196167,28.0,26.87999963760376,26.8149995803833,29.93000030517578
2020-01-13,28.809999465942383,28.809999465942383,27.88999938964844,28.40999984741211,5892900,0,0,-0.011138172639153177,0.789166662428113,28.819000053405762,29.779534709396916,27.85846539741461,28.6850004196167,28.0,26.93499994277954,26.8149995803833,30.229999542236328
2020-01-14,28.270000457763672,29.540000915527344,28.13999938964844,29.280000686645508,8520200,0,0,0.03062304976790231,0.8133333524068184,28.89400005340576,29.74522424243566,28.042775864375862,28.6850004196167,28.0,26.93499994277954,26.8149995803833,31.149999618530277
2020-01-15,29.32999992370605,30.96999931335449,29.290000915527344,30.84000015258789,13167700,0,0,0.053278669035478954,0.8566666709052179,29.020500087738036,30.18522727204513,27.855772903430942,29.289999961853024,28.52499961853027,27.03249979019165,26.65999984741211,30.01000022888184
2020-01-16,30.950000762939453,30.96999931335449,30.06999969482422,30.61000061035156,3302400,0,0,-0.007457832071931181,0.8502777947319864,29.113000106811523,30.46174145568758,27.764258757935465,29.289999961853024,28.52499961853027,27.03249979019165,26.65999984741211,29.25
2020-01-17,30.61000061035156,30.700000762939453,29.90999984741211,30.0,5121700,0,0,-0.019928147604978186,0.833333333333332,29.203500080108643,30.53496883829447,27.872031321922815,29.289999961853024,28.614999771118164,26.867499828338623,26.65999984741211,28.770000457763672
2020-01-21,30.0,30.93000030517578,29.96999931335449,30.6200008392334,5789200,0,0,0.02066669464111337,0.8505555788675931,29.28700008392334,30.748954140246912,27.825046027599765,29.289999961853024,28.804999351501465,26.84749984741211,26.65999984741211,28.1299991607666
2020-01-22,31.0,32.349998474121094,30.93000030517578,32.22999954223633,10633000,0,0,0.05257996926440445,0.8952777650621189,29.458500099182128,31.38765332915981,27.529346869204446,29.979999542236328,29.82499885559082,26.84499979019165,26.65999984741211,27.399999618530277
2020-01-23,32.529998779296875,32.65999984741211,32.20000076293945,32.25,23874900,0,0,0.000620554081530944,0.895833333333332,29.61750011444092,31.890040520831974,27.344959708049863,30.274999618530273,30.135000228881836,26.795000076293945,26.65999984741211,27.780000686645508
2020-01-24,32.400001525878906,32.560001373291016,31.420000076293945,31.56999969482422,10904200,0,0,-0.021085280780644422,0.8769444359673381,29.72450008392334,32.14974896261825,27.29925120522843,30.274999618530273,30.135000228881836,27.097500324249268,26.890000343322754,27.059999465942383
2020-01-27,31.020000457763672,31.450000762939453,30.729999542236328,31.13999938964844,8684000,0,0,-0.013620535613951046,0.8649999830457887,29.823500061035155,32.31004057534073,27.33695954672958,30.399999618530273,30.135000228881836,27.222500324249268,27.015000343322754,27.520000457763672
2020-01-28,31.239999771118164,31.82999992370605,31.040000915527344,31.559999465942383,3938700,0,0,0.01348747862960975,0.8766666518317316,29.93450002670288,32.52206301171226,27.346937041693497,30.975000381469727,30.135000228881836,27.262500286102295,27.05500030517578,26.07999992370605
2020-01-29,31.76000022888184,31.979999542236328,31.1299991607666,31.739999771118164,3965700,0,0,0.00570343181944688,0.8816666603088367,30.056999969482423,32.74212902331866,27.371870915646184,31.28499984741211,30.135000228881836,27.792500019073486,27.585000038146973,25.38999938964844
2020-01-30,31.34000015258789,31.790000915527344,31.299999237060547,31.71999931335449,3997500,0,0,-0.0006301341495873469,0.8811110920376234,30.170499897003175,32.935006576326565,27.405993217679786,31.28499984741211,30.135000228881836,27.792500019073486,27.585000038146973,23.88999938964844
2020-01-31,31.65999984741211,31.75,30.71999931335449,30.899999618530277,6828400,0,0,-0.025851188921021895,0.8583333227369508,30.241999912261964,33.00428318130955,27.479716643214378,31.3149995803833,30.135000228881836,27.894999980926514,27.585000038146973,24.600000381469727
2020-02-03,31.020000457763672,31.32999992370605,30.63999938964844,31.299999237060547,5029000,0,0,0.01294497163328101,0.8694444232516805,30.351999855041505,33.09861857080899,27.605381139274023,31.649999618530273,30.135000228881836,27.989999771118164,27.585000038146973,23.71999931335449
2020-02-04,31.600000381469727,32.0,31.489999771118164,31.65999984741211,3502100,0,0,0.011501617224491945,0.8794444402058905,30.493499851226808,33.2028353157924,27.784164386661217,31.649999618530273,30.135000228881836,28.15499973297119,27.585000038146973,21.34000015258789
2020-02-05,31.8700008392334,32.380001068115234,31.540000915527344,31.6299991607666,3872600,0,0,-0.0009475896017087093,0.8786110877990709,30.639499855041503,33.261010092872795,28.017989617210215,31.600000381469727,30.135000228881836,28.427500247955322,27.585000038146973,22.43000030517578
2020-02-06,31.63999938964844,31.959999084472656,31.440000534057617,31.68000030517578,2246000,0,0,0.0015808139657240705,0.8800000084771037,30.795499897003175,33.26905452599961,28.321945268006743,31.510000228881836,30.135000228881836,28.480000019073486,27.585000038146973,19.36000061035156
2020-02-07,31.600000381469727,31.86000061035156,31.3799991607666,31.38999938964844,1949500,0,0,-0.009154069215080218,0.8719444274902332,30.96299982070923,33.0940323601565,28.83196728126196,31.510000228881836,30.135000228881836,28.480000019073486,27.585000038146973,19.96999931335449
2020-02-10,31.350000381469727,31.75,31.0,31.489999771118164,2191800,0,0,0.0031857401533654794,0.874722215864392,31.10099983215332,32.975104475560386,29.22689518874625,31.510000228881836,30.135000228881836,28.630000114440918,27.585000038146973,16.68000030517578
2020-02-11,31.440000534057617,31.76000022888184,31.040000915527344,31.75,2883500,0,0,0.00825659672186796,0.8819444444444431,31.267999839782714,32.689443541298665,29.846556138266763,31.510000228881836,30.135000228881836,28.610000133514404,27.585000038146973,17.469999313354492
2020-02-12,31.920000076293945,32.119998931884766,31.290000915527344,31.36000061035156,3277900,0,0,-0.012283445343257982,0.8711111280653198,31.37199983596802,32.45799923685483,30.286000435081206,31.510000228881836,30.135000228881836,28.615000247955322,27.585000038146973,17.5
2020-02-13,31.190000534057617,31.729999542236328,31.06999969482422,31.1200008392334,2917700,0,0,-0.007653053777012309,0.864444467756482,31.385999870300292,32.450996323213374,30.32100341738721,31.510000228881836,30.135000228881836,28.552500247955322,27.585000038146973,16.959999084472656
2020-02-14,31.0,31.21999931335449,30.51000022888184,30.979999542236328,4858100,0,0,-0.004498756208919152,0.8605555428398967,31.404499816894532,32.42646273570666,30.382536898082407,31.445000648498535,30.135000228881836,28.552500247955322,27.585000038146973,18.61000061035156
2020-02-18,31.06999969482422,31.209999084472656,30.32999992370605,30.450000762939453,5568700,0,0,-0.01710777234112948,0.8458333545260946,31.426999855041505,32.33679463141455,30.517205078668464,31.355000495910645,30.274999618530273,28.34250020980835,27.585000038146973,19.6200008392334
2020-02-19,29.600000381469727,30.989999771118164,29.209999084472656,29.93000030517578,11282400,0,0,-0.01707719030327781,0.8313888973659926,31.39249982833862,32.46224100900426,30.32275864767298,30.66499900817871,30.274999618530273,28.34250020980835,27.585000038146973,21.420000076293945
2020-02-20,29.81999969482422,30.26000022888184,29.36000061035156,30.229999542236328,4929900,0,0,0.010023362312116868,0.8397222095065633,31.292499828338624,32.40395459042176,30.181045066255486,30.66499900817871,30.399999618530273,28.34250020980835,27.585000038146973,21.81999969482422
2020-02-21,30.190000534057617,31.21999931335449,30.059999465942383,31.149999618530277,5779800,0,0,0.030433347344532846,0.8652777671813952,31.237499809265138,32.25820363456473,30.216795983965543,30.66499900817871,30.934999465942383,28.34250020980835,27.585000038146973,22.59000015258789
2020-02-24,30.790000915527344,30.899999618530277,29.65999984741211,30.01000022888184,6235800,0,0,-0.03659709160863944,0.8336111174689387,31.159499835968017,32.29946941930181,30.019530252634226,30.66499900817871,30.934999465942383,28.907499790191647,28.109999656677246,22.38999938964844
2020-02-25,30.229999542236328,30.229999542236328,29.09000015258789,29.25,8640200,0,0,-0.025324899136468848,0.8124999999999987,31.064999866485596,32.47941242941647,29.650587303554722,30.604999542236328,30.875,28.907499790191647,28.109999656677246,20.149999618530277
2020-02-26,29.399999618530277,29.549999237060547,28.65999984741211,28.770000457763672,5570400,0,0,-0.016410240760216355,0.7991666793823229,30.92549991607666,32.63934496983834,29.211654862314983,30.19499969482422,30.65999984741211,28.952499866485596,28.109999656677246,20.770000457763672
2020-02-27,28.030000686645508,29.34000015258789,28.030000686645508,28.1299991607666,8142500,0,0,-0.022245439235798248,0.7813888655768487,30.744999885559082,32.80690625524027,28.683093515877893,29.625,30.34500026702881,29.047499656677246,28.109999656677246,20.190000534057617
2020-02-28,27.440000534057617,27.90999984741211,26.56999969482422,27.399999618530277,10025600,0,0,-0.025950926555819764,0.7611111005147286,30.528999900817873,33.00546677046715,28.05253303116859,28.894999504089355,29.614999771118164,29.902499198913574,28.799999237060547,21.979999542236328
2020-03-02,27.57999992370605,27.850000381469727,26.920000076293945,27.780000686645508,12378200,0,0,0.013868652314076746,0.7716666857401517,30.372999954223634,33.11792148779926,27.62807842064801,28.894999504089355,29.565000534057617,30.204999923706055,28.954999923706055,22.75
2020-03-03,27.940000534057617,28.299999237060547,26.850000381469727,27.059999465942383,4694000,0,0,-0.02591796986705064,0.7516666518317316,30.160999965667724,33.226669421275325,27.095330510060126,28.894999504089355,29.475000381469727,30.204999923706055,28.954999923706055,23.43000030517578
2020-03-04,27.65999984741211,27.809999465942383,26.76000022888184,27.520000457763672,3998500,0,0,0.016999297889870313,0.7644444571601007,29.953999996185303,33.14476542817198,26.763234564198626,28.894999504089355,29.475000381469727,30.267499923706055,28.954999923706055,24.5
2020-03-05,26.899999618530277,27.01000022888184,25.90999984741211,26.07999992370605,4880200,0,0,-0.05232559993113595,0.7244444423251668,29.676500034332275,33.1887752107218,26.16422485794275,28.40499973297119,29.145000457763672,30.55500030517578,28.954999923706055,23.149999618530277
2020-03-06,25.3799991607666,25.530000686645508,24.399999618530277,25.38999938964844,7542500,0,0,-0.02645707576979006,0.7052777608235665,29.361999988555908,33.2142149960383,25.50978498107352,27.3149995803833,28.390000343322754,30.710000038146973,28.954999923706055,23.76000022888184
2020-03-09,23.899999618530277,24.75,23.190000534057617,23.88999938964844,4662600,0,0,-0.059078378734091386,0.6636110941568999,28.986999988555908,33.40213967952726,24.571860297584557,26.369999885559082,27.785000801086426,30.710000038146973,28.954999923706055,22.770000457763672
2020-03-10,24.479999542236328,24.989999771118164,23.65999984741211,24.600000381469727,6432600,0,0,0.029719590203461044,0.6833333439297133,28.642500019073488,33.29417855328061,23.990821484866366,26.265000343322754,27.785000801086426,30.72499990463257,29.06999969482422,22.670000076293945
2020-03-11,24.100000381469727,24.32999992370605,23.600000381469727,23.71999931335449,4814400,0,0,-0.03577240058817688,0.6588888698154012,28.24099998474121,33.133141327334876,23.348858642147547,25.744999885559082,27.785000801086426,30.892499923706055,29.06999969482422,24.290000915527344
2020-03-12,22.3799991607666,22.799999237060547,20.0,21.34000015258789,4972000,0,0,-0.1003372356518849,0.5927777820163291,27.739999961853027,33.26993213779912,22.21006778590694,24.149999618530273,26.190000534057617,30.892499923706055,29.06999969482422,24.530000686645508
2020-03-13,22.31999969482422,22.450000762939453,21.1200008392334,22.43000030517578,10644700,0,0,0.05107779497629039,0.6230555640326594,27.305499935150145,33.0681192189853,21.542880651314988,24.149999618530273,26.059999465942383,30.86750030517578,29.369999885559082,23.8799991607666
2020-03-16,19.5,20.149999618530277,19.0,19.36000061035156,5850800,0,0,-0.13687024757265887,0.5377777947319867,26.72449998855591,33.19576103185517,20.253238945256648,23.40499973297119,25.559999465942383,30.822500228881836,29.369999885559082,24.0
2020-03-17,19.75,20.940000534057617,19.270000457763672,19.96999931335449,7280000,0,0,0.03150819647581882,0.5547222031487348,26.20049991607666,33.06964679177537,19.33135304037795,23.005000114440918,25.559999465942383,30.822500228881836,29.369999885559082,23.809999465942383
2020-03-18,19.020000457763672,19.18000030517578,15.170000076293944,16.68000030517578,8554800,0,0,-0.16474707668009758,0.4633333418104375,25.53799991607666,33.3434135629842,17.73258626916912,20.350000381469727,23.644999504089355,30.822500228881836,29.369999885559082,23.850000381469727
2020-03-19,16.670000076293945,17.6200008392334,15.550000190734863,17.469999313354492,9398900,0,0,0.04736204998351079,0.4852777587042905,24.89999990463257,33.145504995004664,16.654494814260474,20.079999923706055,23.644999504089355,30.822500228881836,29.369999885559082,24.65999984741211
2020-03-20,17.690000534057617,18.71999931335449,16.790000915527344,17.5,9529700,0,0,0.00171726890810886,0.48611111111111016,24.217499923706054,32.54087673789469,15.894123109517418,20.079999923706055,23.449999809265137,30.822500228881836,29.369999885559082,24.209999084472656
2020-03-23,17.459999084472656,17.75,16.579999923706055,16.959999084472656,6637100,0,0,-0.030857195172991125,0.47111108567979504,23.564999866485596,32.01617986103682,15.113819871934377,19.749999999999996,23.194999694824215,30.822500228881836,29.369999885559082,24.93000030517578
2020-03-24,18.43000030517578,18.770000457763672,17.489999771118164,18.61000061035156,8163200,0,0,0.09728783107008088,0.5169444613986534,23.032999897003172,31.32199899714726,14.744000796859083,18.984999656677246,23.194999694824215,30.790000438690186,29.369999885559082,24.709999084472656
2020-03-25,18.850000381469727,19.979999542236328,18.63999938964844,19.6200008392334,4486100,0,0,0.05427190734857046,0.5450000233120377,22.57549991607666,30.548055018350706,14.602944813802612,18.8100004196167,23.194999694824215,30.81500005722046,29.369999885559082,24.040000915527344
2020-03-26,20.0,21.899999618530277,20.0,21.420000076293945,6174600,0,0,0.09174307645599855,0.595000002119275,22.239999961853027,29.798993368443035,14.681006555263018,18.53499984741211,23.194999694824215,30.469999313354492,29.369999885559082,23.96999931335449
2020-03-27,20.549999237060547,22.049999237060547,20.1299991607666,21.81999969482422,4393200,0,0,0.018674118445637378,0.6061111026340048,21.960999965667725,29.135667877663163,14.786332053672286,18.609999656677246,23.194999694824215,30.532499313354492,29.369999885559082,24.149999618530277
2020-03-30,21.57999992370605,22.81999969482422,21.57999992370605,22.59000015258789,3337600,0,0,0.03528874741214216,0.6275000042385511,21.701499938964844,28.367627236632913,15.035372641296775,18.994999885559082,23.03499984741211,30.799999237060547,29.369999885559082,22.93000030517578
2020-03-31,22.63999938964844,23.149999618530277,22.1200008392334,22.38999938964844,3844000,0,0,-0.00885350870245738,0.621944427490233,21.467999935150146,27.67340482868507,15.262595041615224,19.34999990463257,22.699999809265137,30.799999237060547,29.369999885559082,19.8799991607666
2020-04-01,21.40999984741211,21.6200008392334,20.020000457763672,20.149999618530277,5164900,0,0,-0.10004465530060636,0.5597222116258397,21.099499893188476,26.658603019501694,15.540396766875258,19.864999771118164,22.359999656677246,30.739999771118164,29.369999885559082,19.84000015258789
2020-04-02,19.82999992370605,20.850000381469727,19.5,20.770000457763672,5569200,0,0,0.030769273001039155,0.5769444571601006,20.833999919891358,25.89612839940555,15.771871440377165,19.864999771118164,22.255000114440918,30.427499771118164,29.460000038146973,20.770000457763672
2020-04-03,20.76000022888184,20.96999931335449,19.61000061035156,20.190000534057617,2206100,0,0,-0.02792488738194776,0.5608333481682658,20.573999977111818,25.182553585619317,15.965446368604317,20.31999969482422,21.734999656677246,29.985000133514404,29.649999618530273,19.979999542236328
2020-04-06,20.959999084472656,22.149999618530277,20.959999084472656,21.979999542236328,3032900,0,0,0.08865769989254035,0.6105555428398965,20.478499984741212,24.880583086066736,16.07641688341569,20.89499950408936,21.734999656677246,29.25499963760376,29.614999771118164,19.290000915527344
2020-04-07,22.90999984741211,23.299999237060547,22.07999992370605,22.75,2844900,0,0,0.035031868689717305,0.6319444444444429,20.385999965667725,24.50333287437148,16.26866705696397,21.399999618530273,21.734999656677246,29.230000019073486,29.614999771118164,19.3799991607666
2020-04-08,22.799999237060547,23.8799991607666,22.38999938964844,23.43000030517578,3199800,0,0,0.029890123304429972,0.6508333418104367,20.37150001525879,24.443060856412533,16.299939174105045,21.6899995803833,21.489999771118164,29.18499994277954,29.614999771118164,19.1200008392334
2020-04-09,24.1299991607666,25.299999237060547,23.940000534057617,24.5,4815800,0,0,0.0456679334565715,0.6805555555555538,20.529500007629395,24.971709734214905,16.087290281043884,22.399999618530273,21.09000015258789,29.18499994277954,29.614999771118164,19.709999084472656
2020-04-13,24.649999618530277,24.709999084472656,23.100000381469727,23.149999618530277,2706700,0,0,-0.05510205638651933,0.6430555449591727,20.56549997329712,25.080600954714733,16.050398991879504,22.399999618530273,20.350000381469727,28.77500009536743,29.28499984741211,19.40999984741211
2020-04-14,23.36000061035156,23.8799991607666,23.21999931335449,23.76000022888184,2863600,0,0,0.02634991880791615,0.6600000063578272,20.78549995422363,25.471639040338708,16.099360868108555,22.399999618530273,20.234999656677246,27.852499961853027,28.52999973297119,19.559999465942383
2020-04-15,23.13999938964844,23.290000915527344,22.06999969482422,22.770000457763672,2478100,0,0,-0.041666656632214916,0.6325000127156559,20.925500011444093,25.673388802680847,16.17761122020734,22.399999618530273,20.234999656677246,27.077500343322754,27.925000190734863,18.940000534057617
2020-04-16,22.65999984741211,23.020000457763672,22.31999969482422,22.670000076293945,2578500,0,0,-0.004391760187059224,0.6297222243414968,21.225,25.6011536926381,16.848846307361903,22.454999923706055,20.234999656677246,27.02500057220459,27.925000190734863,18.940000534057617
2020-04-17,23.149999618530277,24.459999084472656,22.8799991607666,24.290000915527344,4391400,0,0,0.07146011617915415,0.6747222476535356,21.566000080108644,25.776586963632234,17.355413196585054,23.1299991607666,20.234999656677246,26.765000343322754,27.925000190734863,19.3700008392334
2020-04-20,23.88999938964844,24.979999542236328,23.600000381469727,24.530000686645508,1931300,0,0,0.009880599508942156,0.6813889079623735,21.91750011444092,25.875157139673043,17.959843089208796,23.684999465942383,20.234999656677246,25.170000076293945,26.329999923706055,21.1299991607666
2020-04-21,23.90999984741211,24.229999542236328,23.57999992370605,23.8799991607666,2349200,0,0,-0.0264982269744809,0.6633333100212928,22.263500118255614,25.578388092011586,18.94861214449964,23.684999465942383,20.234999656677246,25.104999542236328,26.329999923706055,21.3799991607666
2020-04-22,24.229999542236328,24.71999931335449,23.950000762939453,24.0,1769800,0,0,0.0050251609485210125,0.666666666666665,22.53300008773804,25.466535928179674,19.599464247296403,23.684999465942383,20.234999656677246,24.482499599456787,25.829999923706055,21.40999984741211
2020-04-23,23.96999931335449,24.709999084472656,23.670000076293945,23.809999465942383,3220300,0,0,-0.007916688919067383,0.6613888740539534,22.742500019073486,25.396209457745787,20.088790580401184,23.524999618530273,20.234999656677246,24.28249979019165,25.829999923706055,21.200000762939453
2020-04-24,23.81999969482422,24.020000457763672,23.5,23.850000381469727,1873600,0,0,0.0016800048897338549,0.6625000105963796,22.864000034332275,25.486373890425337,20.241626178239212,23.524999618530273,20.424999713897705,21.99749994277954,23.914999961853027,22.270000457763672
2020-04-27,24.0,24.82999992370605,23.799999237060547,24.65999984741211,2858000,0,0,0.03396224121538016,0.6849999957614458,23.00600004196167,25.6943298947671,20.31767018915624,23.524999618530273,20.9399995803833,21.862499713897705,23.914999961853027,22.93000030517578
2020-04-28,25.309999465942383,25.68000030517578,24.18000030517578,24.209999084472656,2943100,0,0,-0.01824820623373513,0.6724999745686833,23.08699998855591,25.81806071228491,20.355939264826908,24.0,21.130000114440918,21.764999866485596,23.914999961853027,22.530000686645508
2020-04-29,24.71999931335449,25.149999618530277,24.59000015258789,24.93000030517578,3355200,0,0,0.029739828497759246,0.6925000084771034,23.214000034332276,26.03924544384968,20.388754624814872,24.27999973297119,21.585000038146973,21.472499847412106,23.914999961853027,23.75
2020-04-30,24.770000457763672,24.940000534057617,24.350000381469727,24.709999084472656,3747300,0,0,-0.008824758042921044,0.6863888634575721,23.442000007629396,25.957179388793755,20.926820626465037,24.59000015258789,22.15999984741211,21.089999675750732,23.914999961853027,24.76000022888184
2020-05-01,24.25,24.57999992370605,23.34000015258789,24.040000915527344,1932800,0,0,-0.02711445543380564,0.6677778032090913,23.60550003051758,25.80704118098268,21.40395888005248,24.510000228881836,22.59000015258789,21.00250005722046,23.914999961853027,24.100000381469727
2020-05-04,23.459999084472656,24.200000762939453,23.21999931335449,23.96999931335449,2271400,0,0,-0.0029118801791576665,0.6658333142598453,23.794499969482423,25.334152267289248,22.2548476716756,24.449999809265137,22.59000015258789,20.864999771118164,23.914999961853027,23.07999992370605
2020-05-05,24.36000061035156,24.979999542236328,24.09000015258789,24.149999618530277,2283500,0,0,0.007509399680103668,0.6708333227369505,23.90299997329712,25.200222541267916,22.605777405326325,24.449999809265137,22.59000015258789,20.902499675750732,23.914999961853027,21.670000076293945
2020-05-06,24.229999542236328,24.309999465942383,22.84000015258789,22.93000030517578,5798500,0,0,-0.0505175707091271,0.6369444529215479,23.91199998855591,25.178919424382133,22.645080552729684,24.260000228881836,22.59000015258789,21.014999866485596,23.914999961853027,22.06999969482422
2020-05-07,21.0,21.549999237060547,19.76000022888184,19.8799991607666,14965200,0,0,-0.1330135675454278,0.552222198910182,23.73449993133545,25.906528292789424,21.562471569881474,22.72000026702881,22.59000015258789,21.024999856948853,23.914999961853027,21.6299991607666
2020-05-08,20.399999618530277,20.43000030517578,19.229999542236328,19.84000015258789,9970700,0,0,-0.0020120226291382437,0.5511111153496622,23.501499938964844,26.230295750897422,20.772704127032267,22.454999923706055,22.454999923706055,21.112499713897705,23.914999961853027,22.06999969482422
2020-05-11,19.68000030517578,21.06999969482422,19.399999618530277,20.770000457763672,7100300,0,0,0.046875015021331734,0.5769444571601005,23.382499980926514,26.36119688612085,20.403803075732178,22.1899995803833,22.454999923706055,21.05999994277954,23.914999961853027,21.59000015258789
2020-05-12,20.739999771118164,20.82999992370605,19.940000534057617,19.979999542236328,6977800,0,0,-0.038035671551083006,0.554999987284341,23.193499946594237,26.516168015982256,19.870831877206218,22.104999542236328,22.454999923706055,21.027499675750732,23.914999961853027,21.8799991607666
2020-05-13,20.0,20.0,18.799999237060547,19.290000915527344,3730200,0,0,-0.034534466592472945,0.535833358764647,23.01949996948242,26.756109786773802,19.28289015219104,21.889999389648438,22.239999771118164,21.3149995803833,23.914999961853027,22.26000022888184
2020-05-14,18.82999992370605,19.520000457763672,18.3700008392334,19.3799991607666,4457900,0,0,0.004665538671219771,0.538333310021293,22.854999923706053,26.917797525558306,18.7922023218538,21.675000190734863,22.02500057220459,21.56749963760376,23.86500072479248,22.34000015258789
2020-05-15,19.18000030517578,19.31999969482422,18.75,19.1200008392334,6007600,0,0,-0.01341580664562414,0.5311111344231485,22.596499919891357,26.913946191445046,18.27905364833767,21.675000190734863,22.02500057220459,21.589999675750732,23.77500057220459,22.63999938964844
2020-05-18,19.63999938964844,20.1299991607666,19.399999618530277,19.709999084472656,5764400,0,0,0.030857647455151183,0.5474999745686834,22.355499839782716,26.75256982451294,17.958429855052493,21.34000015258789,22.02500057220459,21.744999885559082,23.77500057220459,21.399999618530277
2020-05-19,19.670000076293945,19.790000915527344,19.1299991607666,19.40999984741211,3046400,0,0,-0.01522066215096296,0.5391666624281126,22.13199987411499,26.650463085391223,17.613536662838754,19.960000038146973,22.02500057220459,21.375,23.77500057220459,21.600000381469727
2020-05-20,19.90999984741211,19.90999984741211,19.399999618530277,19.559999465942383,3676000,0,0,0.007727955677973464,0.5433333184983979,21.90999984741211,26.476093552318904,17.343906142505315,19.72000026702881,22.02500057220459,21.31749963760376,23.77500057220459,21.15999984741211
2020-05-21,19.540000915527344,19.540000915527344,18.82999992370605,18.940000534057617,5092200,0,0,-0.03169728777162284,0.5261111259460434,21.666499900817872,26.32085646726061,17.012143334375132,19.72000026702881,22.02500057220459,21.31749963760376,23.77500057220459,21.0
2020-05-22,18.950000762939453,19.25,18.57999992370605,18.940000534057617,4820900,0,0,0.0,0.5261111259460434,21.420999908447264,26.10697655788925,16.735023259005278,19.600000381469727,22.02500057220459,21.34499979019165,23.77500057220459,21.450000762939453
2020-05-26,19.43000030517578,19.75,19.049999237060547,19.3700008392334,7122600,0,0,0.02270328896784135,0.5380555788675928,21.15649995803833,25.673668126203122,16.63933178987354,19.25,22.02500057220459,21.682499408721924,23.77500057220459,21.190000534057617
2020-05-27,19.799999237060547,21.229999542236328,19.40999984741211,21.1299991607666,9931400,0,0,0.09086206738661451,0.5869444211324039,21.002499961853026,25.294802610408702,16.71019731329735,19.800000190734863,22.02500057220459,21.959999561309814,23.77500057220459,21.209999084472656
2020-05-28,21.3700008392334,21.709999084472656,21.149999618530277,21.3799991607666,5201400,0,0,0.011831519636980925,0.5938888655768483,20.82499990463257,24.724544167241994,16.925455642023145,20.144999504089355,22.02500057220459,21.959999561309814,23.644999504089355,21.76000022888184
2020-05-29,21.170000076293945,21.5,20.93000030517578,21.40999984741211,5750500,0,0,0.0014032127138976502,0.594722217983668,20.659999942779542,24.140496701456875,17.17950318410221,20.144999504089355,22.02500057220459,21.959999561309814,23.644999504089355,21.549999237060547
2020-06-01,21.239999771118164,21.399999618530277,21.01000022888184,21.200000762939453,2579300,0,0,-0.009808458008842003,0.5888889100816498,20.517999935150147,23.64552013242529,17.390479737875005,20.144999504089355,22.02500057220459,21.87999963760376,23.644999504089355,21.649999618530277
2020-06-02,21.34000015258789,22.280000686645508,21.209999084472656,22.270000457763672,5319200,0,0,0.05047168190176321,0.6186111238267669,20.432999992370604,23.254956343414065,17.611043641327143,20.43000030517578,22.02500057220459,21.97499966621399,23.644999504089355,21.36000061035156
2020-06-03,22.530000686645508,23.170000076293945,22.530000686645508,22.93000030517578,5370400,0,0,0.029636274532810924,0.6369444529215477,20.37200002670288,22.90489896390968,17.839101089496083,20.875,22.02500057220459,22.232499599456787,23.644999504089355,22.030000686645508
2020-06-04,22.729999542236328,23.040000915527344,22.43000030517578,22.530000686645508,3659700,0,0,-0.01744437911934893,0.6258333524068179,20.352000045776368,22.808124956705623,17.895875134847113,20.875,21.760000228881836,22.56500005722046,23.449999809265137,22.649999618530277
2020-06-05,23.34000015258789,24.13999938964844,23.07999992370605,23.75,5855000,0,0,0.054149990065363696,0.6597222222222203,20.545500087738038,23.40393628121496,17.687063894261115,21.594999313354492,21.675000190734863,22.932499885559082,23.194999694824215,23.479999542236328
2020-06-08,23.950000762939453,24.84000015258789,23.950000762939453,24.76000022888184,5694700,0,0,0.04252632542660373,0.6877777841356046,20.791500091552734,24.170345966490316,17.412654216615152,22.125,21.675000190734863,23.375,23.194999694824215,24.07999992370605
2020-06-09,24.459999084472656,24.739999771118164,23.8799991607666,24.100000381469727,5137900,0,0,-0.026655890198346688,0.6694444550408237,20.958000087738036,24.63462955561251,17.281370619863562,22.885000228881836,21.675000190734863,23.550000190734863,23.194999694824215,24.0
2020-06-10,23.979999542236328,24.200000762939453,22.940000534057617,23.07999992370605,5221200,0,0,-0.04232366977670032,0.6411111089918328,21.113000106811523,24.87298635293135,17.353013860691696,22.885000228881836,21.675000190734863,23.519999980926514,23.194999694824215,23.790000915527344
2020-06-11,22.3700008392334,22.46999931335449,21.309999465942383,21.670000076293945,4333700,0,0,-0.06109184801009726,0.6019444465637188,21.232000064849853,24.90228888707997,17.561711242619737,22.925000190734863,21.605000495910645,23.519999980926514,23.194999694824215,23.549999237060547
2020-06-12,22.399999618530277,22.739999771118164,21.450000762939453,22.06999969482422,4712600,0,0,0.018458680993169718,0.6130555470784486,21.366500091552734,24.950682272295968,17.7823179108095,23.024999618530273,21.605000495910645,23.425000190734863,23.03499984741211,23.68000030517578
2020-06-15,21.530000686645508,22.07999992370605,21.09000015258789,21.6299991607666,4142500,0,0,-0.019936589947520678,0.6008333100212926,21.492000007629393,24.923662599110443,18.060337416148343,22.96500015258789,21.605000495910645,22.65500020980835,22.699999809265137,23.46999931335449
2020-06-16,22.489999771118164,22.799999237060547,21.989999771118164,22.06999969482422,3520600,0,0,0.02034214290935843,0.6130555470784486,21.61000003814697,24.94848658021471,18.271513496079233,22.96500015258789,21.605000495910645,22.454999923706055,22.359999656677246,23.38999938964844
2020-06-17,22.290000915527344,22.46999931335449,21.40999984741211,21.59000015258789,2721000,0,0,-0.021748960075830714,0.5997222264607728,21.71900005340576,24.90002689515473,18.53797321165679,22.96500015258789,21.605000495910645,22.322499752044678,22.255000114440918,23.59000015258789
2020-06-18,21.299999237060547,21.989999771118164,21.200000762939453,21.8799991607666,2792400,0,0,0.013432098477495824,0.6077777544657369,21.835000038146973,24.8561417066798,18.813858369614145,22.96500015258789,21.605000495910645,22.27999973297119,21.734999656677246,21.299999237060547
2020-06-19,22.38999938964844,22.6200008392334,21.81999969482422,22.26000022888184,4705300,0,0,0.017367508349663163,0.6183333396911601,22.001000022888185,24.71353249134364,19.28846755443273,22.914999961853027,21.605000495910645,22.0649995803833,21.734999656677246,21.100000381469727
2020-06-22,22.040000915527344,22.38999938964844,21.600000381469727,22.34000015258789,3154300,0,0,0.0035938869219889202,0.6205555597941059,22.171000003814697,24.488270901296076,19.85372910633332,22.645000457763672,21.710000038146973,21.850000381469727,21.734999656677246,21.149999618530277
2020-06-23,22.540000915527344,22.770000457763672,22.18000030517578,22.63999938964844,4669100,0,0,0.013428792972761006,0.6288888719346768,22.33449993133545,24.26318383717969,20.405816025491212,21.94499969482422,21.710000038146973,21.850000381469727,21.489999771118164,22.450000762939453
2020-06-24,22.32999992370605,22.489999771118164,21.31999969482422,21.399999618530277,3923800,0,0,-0.05477030938813199,0.5944444338480612,22.34799995422363,24.245976213737247,20.450023694710016,21.94499969482422,21.710000038146973,21.68250036239624,21.09000015258789,23.6299991607666
2020-06-25,21.229999542236328,21.729999542236328,20.979999542236328,21.600000381469727,5868600,0,0,0.009345830210495398,0.6000000105963793,22.35900001525879,24.236629789147766,20.481370241369813,21.889999389648438,21.710000038146973,20.99250030517578,20.425000190734863,23.309999465942383
2020-06-26,21.350000381469727,21.3799991607666,20.549999237060547,21.15999984741211,4877400,0,0,-0.020370394735505948,0.5877777735392233,22.34650001525879,24.252657797297296,20.440342233220285,21.674999237060547,21.710000038146973,20.8725004196167,20.425000190734863,24.799999237060547
2020-06-29,21.38999938964844,21.46999931335449,20.700000762939453,21.0,4142600,0,0,-0.0075614295163465295,0.5833333333333314,22.336499977111817,24.26881597987137,20.404183974352264,21.65999984741211,21.710000038146973,20.8725004196167,20.425000190734863,25.280000686645508
2020-06-30,20.989999771118164,21.56999969482422,20.90999984741211,21.450000762939453,2742500,0,0,0.021428607759021556,0.5958333545260939,22.295499992370605,24.266553073036036,20.324446911705174,21.65999984741211,21.94499969482422,20.812500476837158,20.425000190734863,24.440000534057617
2020-07-01,21.549999237060547,21.899999618530277,21.0,21.190000534057617,2539000,0,0,-0.012121222360563011,0.5886111259460429,22.2085000038147,24.21352989166538,20.203470115964016,21.65999984741211,22.125,20.637500286102295,20.425000190734863,24.299999237060547
2020-07-02,21.420000076293945,21.61000061035156,21.040000915527344,21.209999084472656,2467300,0,0,0.0009437730019352664,0.5891666412353496,22.142499923706055,24.18779084315041,20.0972090042617,21.65999984741211,22.69499969482422,20.912500381469727,20.425000190734863,24.600000381469727
2020-07-06,21.540000915527344,21.809999465942383,21.38999938964844,21.76000022888184,1949000,0,0,0.025931219620458412,0.6044444508022713,22.042999935150146,23.95357391732491,20.13242595297538,21.65999984741211,22.69499969482422,21.085000038146973,20.425000190734863,25.420000076293945
2020-07-07,21.600000381469727,21.81999969482422,21.229999542236328,21.549999237060547,5597900,0,0,-0.00965078077262882,0.5986110899183466,21.88249988555908,23.332563651549812,20.43243611956835,21.519999504089355,22.69499969482422,21.085000038146973,20.425000190734863,25.0
2020-07-08,21.520000457763672,21.850000381469727,21.32999992370605,21.649999618530277,4831000,0,0,0.00464038909559461,0.6013888782925056,21.75999984741211,22.788933467418293,20.73106622740593,21.22499942779541,22.69499969482422,21.085000038146973,20.425000190734863,24.440000534057617
2020-07-09,21.649999618530277,21.68000030517578,21.170000076293945,21.36000061035156,4254400,0,0,-0.01339487359300029,0.5933333502875413,21.673999881744386,22.515933230663528,20.832066532825245,21.22499942779541,22.69499969482422,21.227500438690186,20.615000247955322,25.770000457763672
2020-07-10,21.3700008392334,22.040000915527344,21.239999771118164,22.030000686645508,2443600,0,0,0.03136704387401812,0.6119444635179287,21.691999912261963,22.54824937245615,20.835750452067774,21.3700008392334,22.69499969482422,21.450000286102295,21.130000114440918,25.850000381469727
2020-07-13,22.239999771118164,23.25,22.030000686645508,22.649999618530277,6481800,0,0,0.028143391400827777,0.6291666560702834,21.720999908447265,22.66250657907945,20.77949323781508,22.079999923706055,22.69499969482422,21.317500114440918,21.130000114440918,26.09000015258789
2020-07-14,22.5,23.540000915527344,22.40999984741211,23.479999542236328,5750600,0,0,0.036644588860258454,0.6522222095065626,21.813499927520752,23.028304896553294,20.59869495848821,22.270000457763672,22.69499969482422,21.634999752044678,21.585000038146973,25.799999237060547
2020-07-15,23.84000015258789,24.43000030517578,23.770000457763672,24.07999992370605,2847900,0,0,0.025553679436425503,0.6688888867696104,21.913999938964842,23.48252063188672,20.345479246042963,22.735000610351562,22.644999504089355,21.90000009536743,22.02500057220459,27.57999992370605
2020-07-16,23.899999618530277,24.420000076293945,23.780000686645508,24.0,2096500,0,0,-0.0033222559783853134,0.6666666666666646,22.03449993133545,23.840080680504567,20.228919182166333,22.800000190734863,22.489999771118164,22.28000020980835,22.02500057220459,27.100000381469727
2020-07-17,23.989999771118164,24.229999542236328,23.739999771118164,23.790000915527344,2261400,0,0,-0.008749961853027344,0.6608333587646464,22.130000019073485,24.089979423825888,20.170020614321082,22.800000190734863,22.489999771118164,22.28000020980835,22.02500057220459,27.420000076293945
2020-07-20,23.780000686645508,24.09000015258789,23.450000762939453,23.549999237060547,2242400,0,0,-0.010088342548576823,0.6541666454739021,22.194499969482422,24.250946786281006,20.138053152683838,22.800000190734863,22.489999771118164,22.265000343322754,22.02500057220459,28.86000061035156
2020-07-21,23.739999771118164,24.040000915527344,23.6200008392334,23.68000030517578,1494400,0,0,0.005520215385427685,0.6577777862548808,22.261499977111818,24.418515115777886,20.10448483844575,22.800000190734863,22.489999771118164,22.31500005722046,22.02500057220459,28.13999938964844
2020-07-22,23.649999618530277,23.88999938964844,23.459999084472656,23.46999931335449,2971100,0,0,-0.008868285013298394,0.6519444253709561,22.30299997329712,24.519320269524236,20.086679677070002,22.835000038146973,22.489999771118164,22.285000324249268,22.02500057220459,28.1299991607666
2020-07-23,23.40999984741211,23.65999984741211,23.209999084472656,23.38999938964844,6168000,0,0,-0.003408603581020464,0.6497222052680103,22.402499961853028,24.626477131144952,20.178522792561104,23.230000495910645,22.489999771118164,22.285000324249268,22.02500057220459,29.1299991607666
2020-07-24,23.38999938964844,23.600000381469727,22.989999771118164,23.59000015258789,3159700,0,0,0.00855069551767329,0.6552777820163282,22.501999950408937,24.75165495174351,20.252344949074363,23.420000076293945,22.489999771118164,22.285000324249268,22.02500057220459,29.059999465942383
2020-07-27,22.96999931335449,23.020000457763672,21.18000030517578,21.299999237060547,13373900,0,0,-0.09707506997519555,0.5916666454739022,22.50899991989136,24.742548211056004,20.275451628726714,22.80500030517578,22.489999771118164,22.285000324249268,22.02500057220459,28.770000457763672
2020-07-28,21.3799991607666,21.559999465942383,20.959999084472656,21.100000381469727,7723800,0,0,-0.009389617969696284,0.5861111217074906,22.513999938964844,24.73427869869859,20.2937211792311,22.6899995803833,22.489999771118164,22.260000228881836,22.02500057220459,28.82999992370605
2020-07-29,21.059999465942383,21.309999465942383,20.850000381469727,21.149999618530277,9518800,0,0,0.0023696320453368003,0.5874999894036169,22.498999881744385,24.751998606832515,20.246001156656256,22.539999961853027,22.489999771118164,22.177500247955322,22.02500057220459,28.18000030517578
2020-07-30,21.15999984741211,22.57999992370605,21.15999984741211,22.450000762939453,14138600,0,0,0.06146577625799088,0.6236111323038717,22.561999893188478,24.733172712702164,20.390827073674792,22.47000026702881,22.489999771118164,21.827499866485596,22.02500057220459,28.100000381469727
2020-07-31,22.6200008392334,23.71999931335449,22.600000381469727,23.6299991607666,6919300,0,0,0.052561174063525895,0.656388865576848,22.682999897003175,24.808046895741484,20.557952898264865,22.445000648498535,22.489999771118164,21.827499866485596,22.02500057220459,28.100000381469727
2020-08-03,23.690000534057617,24.13999938964844,23.030000686645508,23.309999465942383,6692200,0,0,-0.013542095056673586,0.6474999851650641,22.7604998588562,24.857824879991817,20.663174837720582,22.494999885559082,22.489999771118164,21.799999713897705,22.02500057220459,28.46999931335449
2020-08-04,23.739999771118164,25.25,23.450000762939453,24.799999237060547,6721900,0,0,0.06392105556652461,0.688888867696124,22.9229998588562,25.1222586205262,20.723741097186203,23.050000190734863,22.975000381469727,21.69249963760376,22.02500057220459,27.229999542236328
2020-08-05,25.299999237060547,25.51000022888184,24.780000686645508,25.280000686645508,4822300,0,0,0.01935489775611199,0.7022222412957062,23.104499912261964,25.449521781596697,20.75947804292723,23.18000030517578,23.18000030517578,21.68499994277954,22.02500057220459,27.07999992370605
2020-08-06,25.13999938964844,25.530000686645508,23.799999237060547,24.440000534057617,7032900,0,0,-0.03322785323465727,0.6788889037238204,23.258499908447266,25.527535775444782,20.98946404144975,23.190000534057617,23.190000534057617,21.802499771118164,22.02500057220459,27.63999938964844
2020-08-07,24.520000457763672,24.57999992370605,24.18000030517578,24.299999237060547,2883100,0,0,-0.0057283671823974425,0.6749999788072351,23.37199983596802,25.610437554434277,21.13356211750176,23.190000534057617,23.190000534057617,21.892499923706055,22.02500057220459,26.84000015258789
2020-08-10,24.479999542236328,24.989999771118164,24.459999084472656,24.600000381469727,2864300,0,0,0.01234572649498844,0.6833333439297121,23.46949987411499,25.743628867108225,21.195370881121757,23.190000534057617,23.190000534057617,22.177499771118164,22.02500057220459,27.38999938964844
2020-08-11,25.190000534057617,25.530000686645508,25.049999237060547,25.420000076293945,3233400,0,0,0.03333332041091741,0.7061111132303849,23.56649990081787,25.99607029573505,21.136929505900692,23.34500026702881,23.190000534057617,22.177499771118164,22.02500057220459,27.350000381469727
2020-08-12,25.559999465942383,25.770000457763672,24.950000762939453,25.0,2782300,0,0,-0.016522426240495047,0.694444444444442,23.612499904632568,26.113784688397814,21.11121512086732,24.1850004196167,23.3100004196167,22.107499599456787,22.02500057220459,26.540000915527344
2020-08-13,24.8700008392334,25.020000457763672,24.31999969482422,24.440000534057617,2718900,0,0,-0.022399978637695273,0.6788889037238203,23.634499931335448,26.156911289331497,21.1120885733394,24.40000057220459,23.3100004196167,21.959999561309814,22.02500057220459,26.549999237060547
2020-08-14,24.350000381469727,26.459999084472656,24.350000381469727,25.770000457763672,6060600,0,0,0.054418980959213714,0.7158333460489883,23.733499908447264,26.424242210506183,21.042757606388346,24.954999923706055,23.65499973297119,21.959999561309814,22.02500057220459,27.049999237060547
2020-08-17,25.739999771118164,26.09000015258789,25.1299991607666,25.850000381469727,4962600,0,0,0.00310438192801632,0.7180555661519342,23.848499965667724,26.692006516242003,21.004993415093445,25.1299991607666,23.65499973297119,22.03250026702881,22.02500057220459,26.40999984741211
2020-08-18,26.11000061035156,26.15999984741211,25.600000381469727,26.09000015258789,2117800,0,0,0.009284323697349217,0.7247222264607721,23.96899995803833,26.975149875509622,20.96285004056704,25.1299991607666,23.65499973297119,22.387499809265137,21.760000228881836,26.270000457763672
2020-08-19,25.940000534057617,26.36000061035156,25.71999931335449,25.799999237060547,1739200,0,0,-0.011115404899626924,0.7166666454739015,24.085499954223632,27.18542906748697,20.985570840960293,25.31999969482422,23.65499973297119,22.482500076293945,21.675000190734863,26.850000381469727
2020-08-20,26.61000061035156,27.739999771118164,26.600000381469727,27.57999992370605,5535200,0,0,0.06899227671637331,0.7661111089918319,24.294999980926512,27.730595571290127,20.859404390562897,26.02999973297119,24.295000076293945,22.69000005722046,21.675000190734863,27.059999465942383
2020-08-21,27.3799991607666,27.459999084472656,26.75,27.100000381469727,3144500,0,0,-0.01740389933154951,0.7527777883741563,24.470499992370605,28.099426339286428,20.841573645454783,26.02999973297119,24.295000076293945,22.644999980926514,21.675000190734863,26.76000022888184
2020-08-24,27.32999992370605,27.649999618530277,27.030000686645508,27.420000076293945,2616000,0,0,0.011808106653866446,0.76166666878594,24.776500034332276,28.31443670435817,21.238563364306383,26.02999973297119,24.295000076293945,22.644999980926514,21.675000190734863,27.93000030517578
2020-08-25,27.86000061035156,29.0,27.600000381469727,28.86000061035156,5970300,0,0,0.05251643070937018,0.8016666836208737,25.164500045776368,28.706647435208595,21.62235265634414,26.65999984741211,24.925000190734863,22.644999980926514,21.605000495910645,27.530000686645508
2020-08-26,28.71999931335449,28.850000381469727,27.979999542236328,28.13999938964844,4284500,0,0,-0.024948066717811024,0.7816666497124538,25.514000034332277,28.767372667327617,22.260627401336937,26.675000190734863,24.925000190734863,22.644999980926514,21.605000495910645,27.700000762939453
2020-08-27,28.09000015258789,28.559999465942383,27.959999084472656,28.1299991607666,4336100,0,0,-0.0003553741683988143,0.7813888655768472,25.797999954223634,28.919502532416992,22.676497376030277,27.0649995803833,24.925000190734863,22.66249990463257,21.605000495910645,28.15999984741211
2020-08-28,28.26000022888184,29.32999992370605,28.15999984741211,29.1299991607666,3759000,0,0,0.03554923675201227,0.8091666433546248,26.072999954223633,29.349031396766804,22.79696851168046,27.46500015258789,25.09000015258789,22.860000133514404,21.605000495910645,28.229999542236328
2020-08-31,29.25,29.56999969482422,29.059999465942383,29.059999465942383,2595400,0,0,-0.0024030105335017815,0.8072222073872855,26.360499954223634,29.625244422878303,23.095755485568965,27.644999504089355,25.210000038146973,22.954999923706055,21.605000495910645,32.06999969482422
2020-09-01,28.90999984741211,29.0,28.690000534057617,28.770000457763672,1733900,0,0,-0.009979319115906438,0.7991666793823213,26.55900001525879,29.902756535797423,23.215243494720156,28.085000038146973,25.210000038146973,22.647500038146973,21.605000495910645,32.130001068115234
2020-09-02,28.700000762939453,28.93000030517578,28.309999465942383,28.82999992370605,5729800,0,0,0.0020854871389544005,0.8008333312140541,26.736499977111816,30.1665632119505,23.30643674227313,28.15999984741211,25.210000038146973,22.589999675750732,21.605000495910645,33.099998474121094
2020-09-03,28.959999084472656,29.049999237060547,27.93000030517578,28.18000030517578,2320700,0,0,-0.022545945898383213,0.78277778625488,26.923499965667723,30.23694203459947,23.610057896735977,28.300000190734863,25.364999771118164,22.514999866485596,21.710000038146973,33.790000915527344
2020-09-04,28.21999931335449,28.36000061035156,27.3700008392334,28.100000381469727,2618700,0,0,-0.0028388900936726635,0.780555566151934,27.113500022888182,30.231377159833634,23.99562288594273,28.47000026702881,26.085000038146973,22.480000019073486,21.710000038146973,32.81999969482422
2020-09-08,27.86000061035156,28.479999542236328,27.520000457763672,28.100000381469727,4134600,0,0,0.0,0.780555566151934,27.288500022888183,30.20684127330086,24.370158772475506,28.47000026702881,26.300000190734863,22.46750020980835,21.710000038146973,31.8700008392334
2020-09-09,28.36000061035156,28.770000457763672,28.200000762939453,28.46999931335449,1982100,0,0,0.013167221596507739,0.790833314259844,27.44099998474121,30.26925285703418,24.612747112448243,28.47000026702881,26.510000228881836,22.492499828338623,21.710000038146973,31.82999992370605
2020-09-10,28.209999084472656,28.32999992370605,26.93000030517578,27.229999542236328,5879900,0,0,-0.043554611908139806,0.7563888761732286,27.552499961853027,30.151153559702802,24.95384636400325,28.25,26.684999465942383,23.012500286102295,21.914999961853027,31.540000915527344
2020-09-11,27.43000030517578,27.479999542236328,26.6200008392334,27.07999992370605,2497500,0,0,-0.005508616270727962,0.7522222201029432,27.68449993133545,29.86829026906314,25.500709593607755,28.09500026702881,26.684999465942383,23.18000030517578,22.045000076293945,30.90999984741211
2020-09-14,27.299999237060547,27.709999084472656,27.25,27.63999938964844,3688500,0,0,0.020679448579029147,0.7677777608235651,27.777999877929688,29.77622461846299,25.779775137396385,27.835000038146973,26.875,23.190000534057617,22.289999961853027,31.209999084472656
2020-09-15,27.850000381469727,28.020000457763672,25.899999618530277,26.84000015258789,6447700,0,0,-0.02894353309429376,0.7455555597941055,27.827499866485596,29.673932597521613,25.981067135449578,27.47499942779541,26.94499969482422,23.190000534057617,22.47000026702881,30.40999984741211
2020-09-16,26.780000686645508,27.71999931335449,26.549999237060547,27.38999938964844,5597900,0,0,0.02049177473672703,0.7608333163791207,27.89249982833862,29.571945685847645,26.2130539708296,27.47499942779541,26.94499969482422,23.190000534057617,23.039999961853027,31.18000030517578
2020-09-17,27.09000015258789,27.530000686645508,26.86000061035156,27.350000381469727,4370000,0,0,-0.0014603508240248475,0.7597222328186009,27.969999885559083,29.373729689459047,26.56627008165912,27.335000038146973,26.94499969482422,23.267500400543213,23.039999961853027,31.3799991607666
2020-09-18,27.200000762939453,27.309999465942383,26.13999938964844,26.540000915527344,7993900,0,0,-0.029616067811508162,0.7372222476535347,27.917999935150146,29.448433410571493,26.3875664597288,27.335000038146973,26.94499969482422,23.7475004196167,23.15999984741211,30.82999992370605
2020-09-21,26.06999969482422,26.600000381469727,25.950000762939453,26.549999237060547,5408500,0,0,0.0003767264954144256,0.7374999788072348,27.890499877929688,29.497441517254522,26.283558238604854,27.335000038146973,26.960000038146973,23.855000495910645,23.15999984741211,31.549999237060547
2020-09-22,26.5,27.15999984741211,26.399999618530277,27.049999237060547,3285900,0,0,0.018832392254914287,0.7513888676961237,27.87199983596802,29.508750807414238,26.2352488645218,27.114999771118164,27.34999942779541,24.304999828338623,23.5049991607666,30.770000457763672
2020-09-23,26.959999084472656,27.200000762939453,26.350000381469727,26.40999984741211,2826000,0,0,-0.023659867197762807,0.733611106872556,27.749499797821045,29.438604267232062,26.060395328410028,26.960000038146973,27.585000038146973,24.392499446868896,23.5049991607666,31.51000022888184
2020-09-24,26.020000457763672,26.700000762939453,25.76000022888184,26.270000457763672,3762600,0,0,-0.005300999260026695,0.7297222349378772,27.655999851226806,29.453071499760192,25.85892820269342,26.890000343322754,27.644999504089355,24.392499446868896,23.5049991607666,31.01000022888184
2020-09-25,26.149999618530277,26.950000762939453,26.049999237060547,26.850000381469727,3234300,0,0,0.02207841315566661,0.7458333439297121,27.59199991226196,29.40826684697442,25.775732977549502,26.890000343322754,27.664999961853027,24.487499713897705,23.5049991607666,31.82999992370605
2020-09-28,27.450000762939453,27.479999542236328,26.76000022888184,27.059999465942383,2266800,0,0,0.00782119484130761,0.7516666518317304,27.488499927520753,29.172086773133728,25.804913081907777,26.739999771118164,27.664999961853027,25.16249990463257,24.144999504089355,31.239999771118164
2020-09-29,26.920000076293945,27.440000534057617,26.649999618530277,26.76000022888184,2806900,0,0,-0.011086446525548577,0.7433333396911598,27.373499965667726,28.919126253109543,25.82787367822591,26.645000457763672,27.664999961853027,25.16249990463257,24.144999504089355,31.709999084472656
2020-09-30,26.93000030517578,28.670000076293945,26.57999992370605,27.93000030517578,6715200,0,0,0.04372197557125479,0.775833341810436,27.33149995803833,28.763327914305204,25.899672001771453,27.21500015258789,27.664999961853027,25.16249990463257,24.144999504089355,32.58000183105469
2020-10-01,28.030000686645508,28.209999084472656,27.229999542236328,27.530000686645508,3487800,0,0,-0.014321504266369356,0.7647222412957062,27.266499996185303,28.52626036517172,26.006739627198886,27.21500015258789,27.664999961853027,25.792500019073486,24.774999618530273,30.290000915527344
2020-10-02,26.989999771118164,28.07999992370605,26.76000022888184,27.700000762939453,2091900,0,0,0.006175084346307758,0.7694444656372047,27.242500019073486,28.44829409898057,26.036705939166403,27.21500015258789,27.664999961853027,25.800000190734863,24.774999618530273,31.059999465942383
2020-10-05,27.96999931335449,28.309999465942383,27.770000457763672,28.15999984741211,1918700,0,0,0.016606464686026223,0.7822222179836673,27.245499992370604,28.460175240853438,26.03082474388777,27.21500015258789,27.664999961853027,25.994999885559082,24.774999618530273,31.209999084472656
2020-10-06,28.46999931335449,28.989999771118164,28.049999237060547,28.229999542236328,3413700,0,0,0.002485784630806842,0.7841666539510067,27.251999950408937,28.486342785766155,26.01765711505172,27.375,27.664999961853027,26.27750015258789,24.9399995803833,29.96999931335449
2020-10-07,28.3700008392334,32.54999923706055,28.3700008392334,32.06999969482422,21280700,0,0,0.13602551239303673,0.8908333248562255,27.431999969482423,29.837427089905685,25.02657284905916,29.299999237060547,29.15499973297119,26.427499771118164,25.059999465942383,29.90999984741211
2020-10-08,31.489999771118164,32.619998931884766,31.350000381469727,32.130001068115234,6069800,0,0,0.0018709502295597424,0.8925000296698646,27.677000045776367,30.83890897087878,24.515091120673954,29.59999942779541,29.1899995803833,26.647500038146973,25.059999465942383,30.149999618530277
2020-10-09,32.349998474121094,33.36000061035156,32.08000183105469,33.099998474121094,5489300,0,0,0.03018977198131667,0.9194444020589162,27.97799997329712,31.915690553948664,24.040309392645575,29.97000026702881,29.5600004196167,26.68499994277954,25.059999465942383,30.309999465942383
2020-10-12,33.20000076293945,34.09000015258789,32.900001525878906,33.790000915527344,4239600,0,0,0.02084599616962879,0.938611136542423,28.285500049591064,32.96842353135151,23.602576567830617,30.335000038146973,29.925000190734863,26.832499980926514,25.059999465942383,30.40999984741211
2020-10-13,33.47999954223633,33.970001220703125,32.34000015258789,32.81999969482422,5048800,0,0,-0.028706753312261246,0.9116666581895585,28.58450002670288,33.6147228267285,23.554277226677257,30.425000190734863,29.925000190734863,27.27750015258789,25.059999465942383,29.38999938964844
2020-10-14,32.79999923706055,33.130001068115234,31.770000457763672,31.8700008392334,6426700,0,0,-0.028945730177463602,0.8852778010898136,28.80850009918213,34.00410277515767,23.61289742320659,30.425000190734863,29.925000190734863,27.385000228881836,25.059999465942383,29.5
2020-10-15,31.350000381469727,32.15999984741211,31.350000381469727,31.82999992370605,3697000,0,0,-0.0012551275329150124,0.8841666645473872,29.032500076293946,34.343541894970876,23.721458257617016,30.93000030517578,29.925000190734863,27.490000247955322,25.059999465942383,29.420000076293945
2020-10-16,32.25,32.4900016784668,31.489999771118164,31.540000915527344,3791200,0,0,-0.00911087052698123,0.8761111365424231,29.282500076293946,34.57112884611678,23.99387130647111,31.06999969482422,29.925000190734863,27.46749973297119,25.135000228881836,31.030000686645508
2020-10-19,31.6200008392334,31.6299991607666,30.559999465942383,30.90999984741211,3856500,0,0,-0.01997466866924158,0.8586111068725556,29.500500106811522,34.67769120198775,24.323309011635295,31.230000495910645,29.925000190734863,27.389999866485596,25.210000038146973,31.6200008392334
2020-10-20,31.049999237060547,31.489999771118164,30.86000061035156,31.209999084472656,2675700,0,0,0.009705572259511408,0.8669444190131262,29.708500099182128,34.80801913419177,24.608981064172486,32.32499980926514,29.925000190734863,27.355000019073486,25.210000038146973,31.780000686645508
2020-10-21,31.209999084472656,31.57999992370605,30.209999084472656,30.40999984741211,5312700,0,0,-0.025632786303366295,0.8447222179836668,29.908500099182127,34.78117884393893,25.035821354425323,32.14999961853027,29.925000190734863,27.209999561309814,25.210000038146973,31.31999969482422
2020-10-22,30.84000015258789,31.32999992370605,30.770000457763672,31.18000030517578,2441300,0,0,0.025320633397806436,0.8661111195882131,30.154000091552735,34.752851969822025,25.555148213283445,32.14999961853027,29.925000190734863,27.209999561309814,25.210000038146973,30.59000015258789
2020-10-23,31.170000076293945,31.43000030517578,30.899999618530277,31.3799991607666,1274000,0,0,0.006414331418644004,0.8716666433546247,30.380500030517577,34.74383646921045,26.0171635918247,32.09000015258789,29.925000190734863,27.139999866485596,25.210000038146973,29.309999465942383
2020-10-26,31.200000762939453,31.270000457763672,30.530000686645508,30.82999992370605,1547900,0,0,-0.017527063472589144,0.8563888867696096,30.569000053405762,34.656369254454404,26.48163085235712,31.670000076293945,29.925000190734863,27.139999866485596,25.210000038146973,30.0
2020-10-27,30.649999618530277,31.6200008392334,30.649999618530277,31.549999237060547,1985900,0,0,0.023353853880514253,0.8763888676961232,30.808500003814697,34.514677465804105,27.102322541825284,31.350000381469727,29.925000190734863,27.147500038146973,25.210000038146973,29.200000762939453
2020-10-28,31.0,31.559999465942383,30.729999542236328,30.770000457763672,2526900,0,0,-0.02472262434734518,0.8547222349378768,30.950500011444092,34.41160078008907,27.489399242799117,31.350000381469727,29.925000190734863,27.232499599456787,25.210000038146973,29.3799991607666
2020-10-29,30.6200008392334,31.59000015258789,30.459999084472656,31.51000022888184,1857000,0,0,0.024049390968775786,0.8752777841356036,31.14949998855591,34.23443019661014,28.064569780501675,30.91999912261963,29.925000190734863,27.272500038146973,25.210000038146973,29.350000381469727
2020-10-30,31.34000015258789,31.950000762939453,30.56999969482422,31.01000022888184,2081900,0,0,-0.015867978304287766,0.8613888952467148,31.314999961853026,33.96152731607137,28.668472607634687,31.079999923706055,30.06999969482422,27.267499923706055,25.210000038146973,29.790000915527344
2020-11-02,31.07999992370605,31.8700008392334,31.030000686645508,31.82999992370605,1792100,0,0,0.026443072840111936,0.8841666645473872,31.498499965667726,33.71411952106933,29.282880410266124,31.079999923706055,30.335000038146973,27.27750015258789,25.210000038146973,28.88999938964844
2020-11-03,31.8799991607666,32.41999816894531,30.8799991607666,31.239999771118164,3300600,0,0,-0.018535977191393993,0.8677777714199459,31.648999977111817,33.283282258333365,30.014717695890273,31.439998626708984,30.335000038146973,27.202499866485596,25.210000038146973,28.799999237060547
2020-11-04,31.34000015258789,32.0,31.200000762939453,31.709999084472656,2887900,0,0,0.01504479247112589,0.8808333079020152,31.630999946594237,33.25410945955011,30.007890433638366,31.439998626708984,30.335000038146973,27.15500020980835,25.210000038146973,28.649999618530277
2020-11-05,32.33000183105469,32.790000915527344,32.040000915527344,32.58000183105469,6370800,0,0,0.02743622742669971,0.9050000508626271,31.65349998474121,33.316083658907516,29.990916310574903,31.625,30.425000190734863,27.44000005722046,25.210000038146973,28.709999084472656
2020-11-06,27.88999938964844,31.3700008392334,26.71999931335449,30.290000915527344,10660200,0,0,-0.07028854471532153,0.8413889143202011,31.513000106811525,33.13694681671702,29.889053396906025,29.755000114440918,30.40499973297119,27.44000005722046,25.210000038146973,30.81999969482422
2020-11-09,29.940000534057617,31.729999542236328,29.149999618530277,31.059999465942383,5535900,0,0,0.025420882375091658,0.862777762942841,31.376500034332274,32.62351678840287,30.129483280261677,29.755000114440918,30.40499973297119,27.44000005722046,25.210000038146973,29.950000762939453
2020-11-10,31.06999969482422,31.299999237060547,29.6200008392334,31.209999084472656,4060100,0,0,0.004829350325480597,0.8669444190131265,31.296000003814697,32.35105960793583,30.24094039969356,29.755000114440918,30.40499973297119,27.44000005722046,25.210000038146973,30.489999771118164
2020-11-11,31.299999237060547,31.440000534057617,29.68000030517578,29.96999931335449,26151400,0,0,-0.03973084932690951,0.8324999809265108,31.20099992752075,32.369564861937015,30.03243499310449,29.755000114440918,30.40499973297119,27.519999980926514,25.210000038146973,30.01000022888184
2020-11-12,29.850000381469727,30.65999984741211,29.32999992370605,29.90999984741211,3084800,0,0,-0.00200198422812925,0.830833329094778,31.104999923706053,32.36407394481001,29.8459259026021,29.755000114440918,30.40499973297119,29.22749948501587,26.699999809265137,29.530000686645508
2020-11-13,30.31999969482422,30.82999992370605,29.649999618530277,30.149999618530277,2203300,0,0,0.00802406460523386,0.837499989403616,31.035499858856202,32.34388716200016,29.727112555712246,29.755000114440918,30.40499973297119,29.394999504089355,26.734999656677246,30.209999084472656
2020-11-16,30.200000762939453,30.32999992370605,29.459999084472656,30.309999465942383,3770700,0,0,0.005306794342835319,0.8419444296095078,31.005499839782715,32.351410676290286,29.659589003275148,29.755000114440918,30.40499973297119,29.765000343322754,27.105000495910645,30.43000030517578
2020-11-17,30.600000381469727,31.190000534057617,30.059999465942383,30.40999984741211,3006200,0,0,0.003299253818268566,0.8447222179836669,30.965499877929688,32.33233961140362,29.598660144455756,29.755000114440918,30.34500026702881,30.130000114440918,27.625,30.540000915527344
2020-11-18,30.850000381469727,30.850000381469727,29.209999084472656,29.38999938964844,2723500,0,0,-0.03354161337986561,0.8163888719346761,30.914499855041505,32.43015692019814,29.398842789884874,29.22499942779541,29.925000190734863,30.175000190734863,28.34500026702881,30.65999984741211
2020-11-19,29.450000762939453,29.989999771118164,29.209999084472656,29.5,2006400,0,0,0.0037427904945892543,0.8194444444444416,30.830499839782714,32.46113579052887,29.199863889036557,30.4399995803833,29.755000114440918,30.175000190734863,28.5600004196167,30.3700008392334
2020-11-20,29.68000030517578,29.88999938964844,29.18000030517578,29.420000076293945,2803700,0,0,-0.0027118618205442813,0.8172222243414956,30.732499885559083,32.45335547805768,29.01164429306048,30.3100004196167,29.755000114440918,30.427500247955322,28.770000457763672,30.1200008392334
2020-11-23,30.13999938964844,31.36000061035156,29.90999984741211,31.030000686645508,5552600,0,0,0.054724697694643165,0.8619444635179279,30.742499923706056,32.46787311565359,29.017126731758523,30.3100004196167,29.755000114440918,30.49749994277954,28.94499969482422,30.670000076293945
2020-11-24,31.729999542236328,32.29999923706055,31.309999465942383,31.6200008392334,2571400,0,0,0.019013862053886887,0.8783333566453693,30.746000003814697,32.478256309996375,29.01374369763302,30.739999771118164,29.755000114440918,30.577500343322754,28.94499969482422,30.5
2020-11-25,31.450000762939453,31.799999237060547,30.520000457763672,31.780000686645508,1345800,0,0,0.005060083591572395,0.8827777968512612,30.79650001525879,32.587157754867725,29.005842275649858,30.739999771118164,29.755000114440918,31.125,29.135000228881836,30.600000381469727
2020-11-27,31.93000030517578,32.209999084472656,31.21999931335449,31.31999969482422,1030600,0,0,-0.014474543168106035,0.8699999915228921,30.78699998855591,32.564236457037445,29.009763520074372,30.739999771118164,29.755000114440918,31.03749990463257,29.204999923706055,31.40999984741211
2020-11-30,30.93000030517578,31.790000915527344,30.049999237060547,30.59000015258789,5348500,0,0,-0.023307776160577776,0.849722226460772,30.76599998474121,32.54211321573278,28.989886753749634,30.739999771118164,29.755000114440918,31.03749990463257,29.204999923706055,31.09000015258789
2020-12-01,29.68000030517578,30.020000457763672,28.93000030517578,29.309999465942383,28329000,0,0,-0.04184376202225093,0.8141666518317302,30.63999996185303,32.45386604447783,28.82613387922823,30.614999771118164,29.755000114440918,31.007500171661377,29.204999923706055,31.3799991607666
2020-12-02,29.489999771118164,30.06999969482422,29.309999465942383,30.0,16816000,0,0,0.02354147207881674,0.8333333333333306,30.577999973297118,32.39034499536049,28.765654951233742,30.614999771118164,29.755000114440918,30.797500133514404,29.204999923706055,31.540000915527344
2020-12-03,30.040000915527344,30.100000381469727,29.049999237060547,29.200000762939453,8499100,0,0,-0.026666641235351562,0.811111132303871,30.45250005722046,32.28163858349241,28.623361530948507,30.614999771118164,29.755000114440918,30.637500286102295,29.22000026702881,32.279998779296875
2020-12-04,29.200000762939453,29.420000076293945,28.899999618530277,29.3799991607666,3766500,0,0,0.006164328531648611,0.8161110877990696,30.292499923706053,31.892385471040214,28.692614376371893,30.59999942779541,29.755000114440918,30.637500286102295,29.609999656677246,31.309999465942383
2020-12-07,29.540000915527344,29.86000061035156,29.18000030517578,29.350000381469727,4743200,0,0,-0.0010210612714017797,0.8152777883741564,30.245499897003175,31.897863585626595,28.593136208379754,30.59999942779541,29.755000114440918,30.422499656677246,29.84500026702881,31.63999938964844
2020-12-08,29.459999084472656,29.940000534057617,29.350000381469727,29.790000915527344,3548900,0,0,0.014991500113758605,0.8275000254313125,30.181999969482423,31.801202221899384,28.56279771706546,30.554999351501465,29.755000114440918,30.574999809265137,29.90499973297119,31.51000022888184
2020-12-09,29.46999931335449,29.950000762939453,28.709999084472656,28.88999938964844,4575000,0,0,-0.030211530655233965,0.8024999830457875,30.06599998474121,31.706500029565976,28.425499939916445,30.459999084472656,29.755000114440918,30.707499980926514,29.925000190734863,31.15999984741211
2020-12-10,28.950000762939453,29.229999542236328,28.6200008392334,28.799999237060547,3846600,0,0,-0.003115270145008786,0.799999978807235,30.007499980926514,31.739434999147647,28.27556496270538,30.20500087738037,29.755000114440918,30.88749933242798,29.925000190734863,31.01000022888184
2020-12-11,28.799999237060547,29.040000915527344,28.09000015258789,28.649999618530277,4100800,0,0,-0.005208320225829954,0.7958333227369497,29.944499969482422,31.77595383372941,28.113046105235433,29.09500026702881,29.755000114440918,30.88749933242798,29.925000190734863,30.38999938964844
2020-12-14,29.0,29.06999969482422,28.26000022888184,28.709999084472656,5237400,0,0,0.0020942222248259146,0.7974999745686825,29.87249994277954,31.778505447015284,27.966494438543798,29.09500026702881,29.50999927520752,31.02500009536743,29.925000190734863,30.459999084472656
2020-12-15,29.040000915527344,31.06999969482422,28.290000915527344,30.81999969482422,12719800,0,0,0.07349357985499627,0.8561111026340035,29.897999954223632,31.840432457505152,27.955567450942112,29.579999923706055,30.19499969482422,30.079999923706055,29.925000190734863,29.950000762939453
2020-12-16,30.75,30.75,29.780000686645508,29.950000762939453,6358300,0,0,-0.02822838872483413,0.8319444656372045,29.875,31.80332800004444,27.94667199995556,29.579999923706055,30.19499969482422,30.079999923706055,29.925000190734863,30.350000381469727
2020-12-17,30.190000534057617,30.57999992370605,30.049999237060547,30.489999771118164,3618700,0,0,0.01803001650827718,0.8469444380866131,29.930000019073486,31.8626482856301,27.99735175251687,29.579999923706055,30.19499969482422,30.079999923706055,29.925000190734863,29.82999992370605
2020-12-18,30.670000076293945,30.899999618530277,29.709999084472656,30.01000022888184,5969600,0,0,-0.015742851618221643,0.8336111174689375,29.955500030517577,31.878104781415967,28.032895279619186,29.579999923706055,30.19499969482422,30.079999923706055,29.925000190734863,29.5
2020-12-21,29.3799991607666,29.96999931335449,29.11000061035156,29.530000686645508,3324700,0,0,-0.015994653068158837,0.8202777968512616,29.961000061035158,31.878006359914238,28.043993762156077,29.579999923706055,30.19499969482422,30.079999923706055,29.925000190734863,29.030000686645508
2020-12-22,29.709999084472656,30.3700008392334,29.170000076293945,30.209999084472656,3293400,0,0,0.02302737494126328,0.839166641235349,29.919999980926512,31.77730901523521,28.062690946617813,29.579999923706055,30.19499969482422,30.079999923706055,29.925000190734863,29.809999465942383
2020-12-23,30.26000022888184,30.51000022888184,30.100000381469727,30.43000030517578,1562700,0,0,0.00728239746343462,0.8452777862548803,29.860499954223634,31.564478296334073,28.156521612113195,29.579999923706055,30.19499969482422,30.079999923706055,29.925000190734863,29.540000915527344
2020-12-24,30.57999992370605,30.75,30.290000915527344,30.540000915527344,663900,0,0,0.0036148737840417944,0.8483333587646459,29.798499965667723,31.293956222736263,28.303043708599184,29.664999961853027,30.19499969482422,30.050000190734863,29.925000190734863,28.8799991607666
2020-12-28,30.700000762939453,31.1200008392334,30.549999237060547,30.65999984741211,2014800,0,0,0.003929237992385204,0.8516666624281117,29.765499973297118,31.148968909387346,28.38203103720689,29.70500087738037,30.19499969482422,29.574999809265137,29.925000190734863,29.030000686645508
2020-12-29,30.76000022888184,30.979999542236328,30.13999938964844,30.3700008392334,2199500,0,0,-0.009458545649770778,0.8436111344231475,29.754500007629396,31.114622364925275,28.394377650333517,30.11500072479248,30.19499969482422,30.09749984741211,29.925000190734863,28.3799991607666
2020-12-30,30.5,30.71999931335449,30.100000381469727,30.1200008392334,1795500,0,0,-0.0082318074774973,0.8366666899787031,29.795000076293945,31.14790875753049,28.4420913950574,30.11500072479248,30.19499969482422,30.03250026702881,29.925000190734863,28.450000762939453
2020-12-31,30.200000762939453,30.88999938964844,29.90999984741211,30.670000076293945,2809300,0,0,0.018260266325893726,0.8519444465637181,29.828500080108643,31.232824852188564,28.424175308028722,30.11500072479248,30.19499969482422,30.03250026702881,29.925000190734863,29.09000015258789
2021-01-04,30.959999084472656,31.149999618530277,30.149999618530277,30.5,2420200,0,0,-0.005542878248159688,0.8472222222222197,29.89350004196167,31.295764502886794,28.491235581036545,30.130000114440918,30.149999618530273,30.24749994277954,29.925000190734863,29.06999969482422
2021-01-05,30.32999992370605,30.8700008392334,30.280000686645508,30.600000381469727,2271600,0,0,0.0032787010317942844,0.8500000105963786,29.954500102996825,31.36832685869243,28.54067334730122,30.15999984741211,30.149999618530273,30.24749994277954,29.925000190734863,29.06999969482422
2021-01-06,30.6200008392334,31.549999237060547,30.6200008392334,31.40999984741211,2756700,0,0,0.026470570452439945,0.8724999957614448,30.057500076293945,31.57751841539937,28.537481737188518,30.729999542236328,29.940000534057617,30.24749994277954,29.925000190734863,29.75
2021-01-07,31.5,31.86000061035156,30.96999931335449,31.09000015258789,1748400,0,0,-0.01018782860167966,0.863611115349661,30.122500038146974,31.701882295536947,28.543117780757,30.885000228881836,29.975000381469727,30.24749994277954,29.925000190734863,30.38999938964844
2021-01-08,31.229999542236328,31.489999771118164,30.780000686645508,31.3799991607666,2303300,0,0,0.009327726174185091,0.8716666433546252,30.24700002670288,31.810443055426788,28.683556997978975,30.885000228881836,29.975000381469727,30.18499994277954,29.925000190734863,30.040000915527344
2021-01-11,31.200000762939453,31.790000915527344,31.15999984741211,31.540000915527344,1619400,0,0,0.005098845093685966,0.8761111365424237,30.38400011062622,31.89500648348346,28.872993737768983,30.885000228881836,29.975000381469727,30.18499994277954,29.925000190734863,30.540000915527344
2021-01-12,31.559999465942383,32.380001068115234,31.38999938964844,32.279998779296875,2466300,0,0,0.023462201721282216,0.8966666327582439,30.56550006866455,32.071762652920135,29.05923748440897,31.145000457763672,30.235000610351562,30.18499994277954,29.925000190734863,30.100000381469727
2021-01-13,32.5099983215332,32.540000915527344,31.299999237060547,31.309999465942383,2375000,0,0,-0.030049546159729434,0.8697222073872859,30.695500087738036,31.96689360548366,29.424106569992414,31.225000381469727,30.315000534057617,30.177499771118164,29.925000190734863,30.57999992370605
2021-01-14,31.38999938964844,32.040000915527344,31.13999938964844,31.63999938964844,2655700,0,0,0.010539761396834768,0.8788888719346764,30.73650007247925,32.07324196002448,29.399758184934015,31.34500026702881,30.315000534057617,30.177499771118164,29.925000190734863,30.86000061035156
2021-01-15,31.600000381469727,31.65999984741211,30.65999984741211,31.51000022888184,2277600,0,0,-0.004108696690086955,0.8752777841356041,30.814500045776366,32.14046246666022,29.488537624892512,31.410000801086426,30.315000534057617,30.15499973297119,30.06999969482422,31.549999237060547
2021-01-19,32.0,32.02000045776367,30.84000015258789,31.15999984741211,2894400,0,0,-0.011107596919308294,0.8655555513170005,30.848000049591064,32.17332376097842,29.522676338203706,31.58000087738037,30.315000534057617,30.107499599456787,30.335000038146973,31.729999542236328
2021-01-20,31.1299991607666,31.3700008392334,30.57999992370605,31.01000022888184,3079900,0,0,-0.004813851709396855,0.8613888952467151,30.898000049591065,32.16673700206476,29.62926309711737,31.5600004196167,30.315000534057617,29.980000495910645,30.335000038146973,32.86000061035156
2021-01-21,31.1299991607666,31.350000381469727,30.290000915527344,30.38999938964844,2902900,0,0,-0.019993577383335404,0.8441666497124541,30.94099998474121,32.07060725680774,29.811392712674685,31.415000915527344,30.40000057220459,29.425000190734863,30.335000038146973,33.650001525878906
2021-01-22,30.020000457763672,30.93000030517578,29.93000030517578,30.459999084472656,1873600,0,0,0.0023033792770676964,0.8461110856797934,30.95349998474121,32.05536987064498,29.85163009883744,31.235000610351562,30.415000915527344,29.302499771118164,30.40499973297119,32.34000015258789
2021-01-25,30.21999931335449,30.309999465942383,29.479999542236328,29.950000762939453,2763500,0,0,-0.01674321526139444,0.8319444656372045,30.929500007629393,32.095683773527476,29.763316241731314,31.010000228881836,30.825000762939453,29.887499809265137,30.40499973297119,30.8700008392334
2021-01-26,30.149999618530277,30.350000381469727,29.559999465942383,30.350000381469727,2612500,0,0,0.013355579577321475,0.8430555661519343,30.919999980926512,32.10188186215941,29.73811809969361,31.010000228881836,30.825000762939453,29.887499809265137,30.40499973297119,30.93000030517578
2021-01-27,30.15999984741211,31.209999084472656,29.57999992370605,29.82999992370605,4168600,0,0,-0.017133458030569315,0.8286111089918323,30.87849998474121,32.149890437156515,29.607109532325907,30.760000228881836,30.825000762939453,29.887499809265137,30.40499973297119,31.1299991607666
2021-01-28,30.059999465942383,30.25,29.32999992370605,29.5,3519800,0,0,-0.011062686039224556,0.819444444444442,30.83499994277954,32.228095205621166,29.441904679937917,30.675000190734863,30.825000762939453,29.887499809265137,30.40499973297119,32.22999954223633
2021-01-29,29.459999084472656,30.280000686645508,28.770000457763672,29.030000686645508,3110300,0,0,-0.015932180113711558,0.8063889079623728,30.780499935150146,32.35659546044748,29.204404409852813,30.395000457763672,30.655000686645508,29.887499809265137,30.40499973297119,32.58000183105469
2021-02-01,29.25,30.09000015258789,29.25,29.809999465942383,3757700,0,0,0.02686871377359945,0.8280555407206193,30.737499904632568,32.36985029105856,29.10514951820657,30.070000648498535,30.655000686645508,29.887499809265137,30.40499973297119,32.7400016784668
2021-02-02,30.190000534057617,30.690000534057617,29.530000686645508,29.540000915527344,2610100,0,0,-0.009057314835698271,0.8205555809868682,30.689499950408937,32.402329962253496,28.976669938564378,30.0600004196167,30.655000686645508,29.887499809265137,30.40499973297119,34.130001068115234
2021-02-03,29.559999465942383,29.71999931335449,28.739999771118164,28.8799991607666,2347300,0,0,-0.0223426450340366,0.802222198910181,30.60349988937378,32.49143176515279,28.71556801359477,29.97499942779541,30.640000343322754,29.929999828338623,30.34500026702881,34.27000045776367
2021-02-04,28.950000762939453,29.270000457763672,28.75,29.030000686645508,6312600,0,0,0.0051939588032496875,0.8063889079623728,30.48449993133545,32.453284075991974,28.515715786678925,29.97499942779541,30.640000343322754,29.950000286102295,29.925000190734863,34.4900016784668
2021-02-05,29.5,29.56999969482422,28.31999969482422,28.3799991607666,4679700,0,0,-0.0223906824148965,0.7883333100212921,30.348999881744383,32.49916704893541,28.198832714553355,29.764999389648438,30.43000030517578,30.15500020980835,29.755000114440918,33.56999969482422
2021-02-08,28.38999938964844,28.950000762939453,28.200000762939453,28.450000762939453,3058900,0,0,0.0024665822495733014,0.7902777989705381,30.20249996185303,32.44986421851133,27.95513570519473,29.704999923706055,30.3700008392334,30.15500020980835,29.755000114440918,33.959999084472656
2021-02-09,28.5,29.309999465942383,28.3799991607666,29.09000015258789,2366100,0,0,0.022495584270146418,0.8080555597941056,30.079999923706055,32.28873404069399,27.87126580671812,29.445000648498535,30.3700008392334,30.15500020980835,29.755000114440918,33.75
2021-02-10,29.270000457763672,29.350000381469727,28.59000015258789,29.06999969482422,2286600,0,0,-0.0006875372175579875,0.8074999915228925,29.919499969482423,31.919998650370825,27.91900128859402,29.445000648498535,30.3700008392334,30.139999866485596,29.755000114440918,31.09000015258789
2021-02-11,29.020000457763672,29.239999771118164,28.56999969482422,29.06999969482422,1961900,0,0,0.0,0.8074999915228925,29.807499980926515,31.73266199310641,27.88233796874662,29.445000648498535,30.3700008392334,30.15499973297119,29.755000114440918,29.770000457763672
2021-02-12,28.86000061035156,29.76000022888184,28.75,29.75,2206000,0,0,0.023391823609026474,0.8263888888888864,29.71300001144409,31.442694217476728,27.983305805411455,29.445000648498535,30.3700008392334,30.335000038146973,29.755000114440918,28.600000381469727
2021-02-16,30.13999938964844,30.559999465942383,29.8700008392334,30.38999938964844,4353000,0,0,0.021512584525998024,0.8441666497124541,29.65699996948242,31.212286954741366,28.101712984223475,29.380000114440918,30.3700008392334,30.43000030517578,29.755000114440918,28.290000915527344
2021-02-17,30.13999938964844,30.399999618530277,29.81999969482422,30.040000915527344,3996400,0,0,-0.011516896385339037,0.834444469875757,29.601000022888183,31.00782185189655,28.194178193879814,29.380000114440918,30.3700008392334,30.43000030517578,29.755000114440918,28.059999465942383
2021-02-18,29.770000457763672,30.65999984741211,29.75,30.540000915527344,6561800,0,0,0.01664447352734788,0.8483333587646459,29.57750005722046,30.901806097514996,28.25319401692592,29.43000030517578,30.3700008392334,30.43000030517578,29.755000114440918,27.850000381469727
2021-02-19,30.43000030517578,30.63999938964844,29.6200008392334,30.100000381469727,6058400,0,0,-0.014407351698339621,0.8361111217074899,29.563000106811522,30.857086240169114,28.26891397345393,29.43000030517578,30.3700008392334,30.690000534057617,29.755000114440918,28.790000915527344
2021-02-22,30.059999465942383,30.739999771118164,29.709999084472656,30.57999992370605,4155200,0,0,0.015946828443624383,0.8494444423251656,29.569000148773192,30.880850946667078,28.257149350879306,29.559999465942383,30.1200008392334,30.770000457763672,29.755000114440918,28.799999237060547
2021-02-23,30.63999938964844,31.07999992370605,30.350000381469727,30.86000061035156,4122500,0,0,0.009156333791500382,0.8572222391764297,29.6145001411438,31.03584328687929,28.19315699540831,29.824999809265137,30.110000610351562,30.830000400543213,29.755000114440918,29.450000762939453
2021-02-24,31.21999931335449,32.209999084472656,30.1200008392334,31.549999237060547,5182500,0,0,0.02235899588665391,0.8763888676961238,29.67450008392334,31.30352299522987,28.045477172616813,30.389999389648438,30.204999923706055,30.86250066757202,29.755000114440918,28.790000915527344
2021-02-25,31.56999969482422,32.65999984741211,31.43000030517578,31.729999542236328,4633700,0,0,0.0057052396047079235,0.8813888761732288,29.769500064849854,31.63138023823375,27.90761989146596,30.704999923706055,30.43000030517578,30.947500705718994,29.755000114440918,28.959999084472656
2021-02-26,32.36000061035156,33.45000076293945,32.11000061035156,32.86000061035156,7077700,0,0,0.03561301873361433,0.9127777947319853,29.937500095367433,32.23291542964109,27.64208476109378,31.535000801086426,30.825000762939453,30.937500476837158,29.755000114440918,28.76000022888184
2021-03-01,33.20000076293945,33.88999938964844,32.540000915527344,33.650001525878906,4726800,0,0,0.024041415120317433,0.9347222646077449,30.1685001373291,32.93858078620729,27.398419488450912,31.755000114440918,31.045000076293945,30.907500743865967,29.755000114440918,29.809999465942383
2021-03-02,33.66999816894531,33.83000183105469,32.130001068115234,32.34000015258789,5205700,0,0,-0.03893020249296408,0.8983333375718834,30.29500017166138,33.21665344114338,27.37334690217938,31.755000114440918,31.045000076293945,30.825000762939453,29.630000114440918,29.600000381469727
2021-03-03,32.209999084472656,33.25,30.34000015258789,30.8700008392334,13385100,0,0,-0.045454524007998875,0.8575000233120365,30.36150016784668,33.27178733640165,27.451212999291705,31.755000114440918,31.045000076293945,30.917500495910645,30.315000534057617,29.75
2021-03-04,30.799999237060547,31.06999969482422,30.13999938964844,30.93000030517578,4606600,0,0,0.001943617243642226,0.8591666751437693,30.46400022506714,33.30105112215792,27.626949327976355,31.799999237060547,31.045000076293945,30.917500495910645,30.315000534057617,29.399999618530277
2021-03-05,31.38999938964844,31.600000381469727,30.0,31.1299991607666,6753800,0,0,0.006466176967911297,0.8647221989101809,30.569000148773192,33.339953752930654,27.798046544615726,31.94499969482422,31.045000076293945,30.792500495910645,30.315000534057617,29.38999938964844
2021-03-08,31.350000381469727,32.45000076293945,31.32999992370605,32.22999954223633,4022000,0,0,0.03533570225263816,0.8952777650621175,30.76150016784668,33.42933152101447,28.09366881467889,31.94499969482422,31.045000076293945,30.750000476837158,30.315000534057617,29.57999992370605
2021-03-09,32.540000915527344,33.22999954223633,32.22999954223633,32.58000183105469,4424300,0,0,0.010859518888906461,0.9050000508626276,30.968000221252442,33.52401539567993,28.411985046824956,31.94499969482422,31.045000076293945,30.52500057220459,30.315000534057617,30.200000762939453
2021-03-10,32.869998931884766,33.599998474121094,32.61000061035156,32.7400016784668,2540700,0,0,0.004910983376913203,0.9094444910685195,31.150500297546387,33.66452175346206,28.636478841630712,31.94499969482422,31.045000076293945,30.36250066757202,30.315000534057617,29.979999542236328
2021-03-11,32.7599983215332,34.349998474121094,32.599998474121094,34.130001068115234,3631700,0,0,0.042455690848746785,0.9480555852254204,31.403500366210938,34.04569888745174,28.761301844970134,32.17499923706055,31.274999618530273,30.357500553131104,30.315000534057617,30.0
2021-03-12,33.86000061035156,34.43000030517578,33.84000015258789,34.27000045776367,1829900,0,0,0.004101945070819957,0.9519444571600992,31.66350040435791,34.35946787353582,28.967532935180003,32.21500015258789,31.315000534057617,30.307499885559082,30.315000534057617,30.65999984741211
2021-03-15,34.15999984741211,34.810001373291016,34.13999938964844,34.4900016784668,3469900,0,0,0.006419644521868939,0.9580556021796306,31.90050048828125,34.7140578764567,29.0869431001058,32.40500068664551,31.505001068115234,30.307499885559082,30.315000534057617,31.190000534057617
2021-03-16,34.33000183105469,34.36000061035156,33.41999816894531,33.56999969482422,3162700,0,0,-0.026674454591777086,0.9324999915228924,32.059500503540036,34.87305767377896,29.245943333301113,32.40500068664551,31.505001068115234,30.09749984741211,30.315000534057617,30.559999465942383
2021-03-17,33.619998931884766,34.29999923706055,33.5,33.959999084472656,1917100,0,0,0.011617497563116475,0.9433333079020157,32.255500411987306,35.02433406157444,29.486666762400166,32.40500068664551,31.59500026702881,30.037500381469727,30.315000534057617,30.8799991607666
2021-03-18,33.970001220703125,34.349998474121094,33.63999938964844,33.75,3682900,0,0,-0.006183718790754411,0.9374999999999976,32.41600036621094,35.13975433390335,29.69224639851853,33.070000648498535,31.690000534057617,29.907500743865967,30.315000534057617,31.0
2021-03-19,33.47999954223633,33.779998779296875,30.96999931335449,31.09000015258789,10867100,0,0,-0.07881481029369208,0.8636111153496614,32.465500354766846,35.050053931741786,29.880946777791905,32.890000343322754,31.690000534057617,29.907500743865967,30.315000534057617,31.239999771118164
2021-03-22,30.450000762939453,30.780000686645508,29.6200008392334,29.770000457763672,4872300,0,0,-0.04245737177052877,0.8269444571600998,32.42500038146973,35.14961599056609,29.700384772373372,32.21500110626221,31.780000686645508,29.907500743865967,30.315000534057617,31.290000915527344
2021-03-23,29.75,29.86000061035156,28.489999771118164,28.600000381469727,5886000,0,0,-0.039301312002124056,0.7944444550408236,32.312000370025636,35.44805618245448,29.175944557596793,31.65000057220459,31.65000057220459,29.907500743865967,30.315000534057617,32.130001068115234
2021-03-24,28.90999984741211,28.940000534057617,28.190000534057617,28.290000915527344,6039500,0,0,-0.01083914202124403,0.7858333587646463,32.14900045394897,35.73797247553407,28.560028432363872,31.500000953674316,31.500000953674316,29.875000476837158,30.315000534057617,31.709999084472656
2021-03-25,28.190000534057617,28.32999992370605,27.71999931335449,28.059999465942383,5996700,0,0,-0.008130132277893387,0.7794444296095085,31.96550045013428,35.97669149469882,27.954309405569738,31.265000343322754,31.265000343322754,29.875000476837158,30.315000534057617,31.799999237060547
2021-03-26,28.049999237060547,28.530000686645508,27.32999992370605,27.850000381469727,6878500,0,0,-0.007483930451514853,0.7736111217074904,31.715000438690186,36.085203960877685,27.34479691650269,30.84500026702881,31.070000648498535,29.90000057220459,30.315000534057617,31.309999465942383
2021-03-29,27.739999771118164,29.270000457763672,27.540000915527344,28.790000915527344,7183500,0,0,0.03375226287907185,0.7997222476535352,31.472000408172608,35.92539350329836,27.018607313046857,30.839999198913574,31.070000648498535,29.90000057220459,30.315000534057617,31.11000061035156
2021-03-30,28.979999542236328,29.68000030517578,28.75,28.799999237060547,4004800,0,0,0.00034728451598664556,0.7999999788072353,31.29500036239624,35.877274666508214,26.71272605828427,30.839999198913574,31.070000648498535,29.84000015258789,30.315000534057617,31.049999237060547
2021-03-31,28.86000061035156,30.01000022888184,28.489999771118164,29.450000762939453,4904500,0,0,0.022569498024238355,0.8180555767483159,31.22400035858154,35.87465519266502,26.573345524498066,30.554999351501465,31.070000648498535,29.96750020980835,30.315000534057617,32.880001068115234
2021-04-01,29.57999992370605,29.75,28.690000534057617,28.790000915527344,3755700,0,0,-0.02241086011252902,0.7997222476535351,31.117000389099122,35.888023181351485,26.345977596846755,29.05500030517578,31.070000648498535,30.297499656677246,30.315000534057617,32.2400016784668
2021-04-05,29.170000076293945,29.21999931335449,28.739999771118164,28.959999084472656,1771000,0,0,0.005904764277156582,0.804444419013127,31.008500385284425,35.87221682512244,26.144783945446406,28.670000076293945,31.070000648498535,30.567500114440918,30.375,32.310001373291016
2021-04-06,28.850000381469727,28.940000534057617,28.549999237060547,28.76000022888184,2269700,0,0,-0.006906038049498742,0.7988888952467155,30.835000419616698,35.75989144965441,25.910109389578984,28.670000076293945,31.070000648498535,31.18000078201294,30.770000457763672,32.099998474121094
2021-04-07,29.13999938964844,29.81999969482422,28.75,29.809999465942383,3075400,0,0,0.03650901351544822,0.8280555407206193,30.696500301361084,35.57233205170427,25.820668551017892,28.670000076293945,31.070000648498535,31.40000009536743,31.045000076293945,33.95000076293945
2021-04-08,29.8799991607666,29.989999771118164,29.56999969482422,29.600000381469727,5627200,0,0,-0.007044585314822882,0.8222222328186011,30.53950023651123,35.34291902524152,25.73608144778094,28.670000076293945,31.070000648498535,31.40000009536743,31.045000076293945,34.79999923706055
2021-04-09,29.57999992370605,30.21999931335449,29.57999992370605,29.75,2611600,0,0,0.00506755461476871,0.8263888888888864,30.32050018310547,34.836953365782534,25.8040470004284,28.880000114440918,31.070000648498535,31.40000009536743,31.045000076293945,35.0099983215332
2021-04-12,29.5,29.700000762939453,29.170000076293945,29.399999618530277,4221000,0,0,-0.011764718704864618,0.816666656070283,30.0770001411438,34.22139879883336,25.93260148345424,29.354999542236328,31.070000648498535,31.422499656677246,31.045000076293945,35.29999923706055
2021-04-13,29.46999931335449,29.520000457763672,28.899999618530277,29.38999938964844,4072900,0,0,-0.00034014384393166175,0.8163888719346765,29.82200002670288,33.43737889482541,26.206621158580354,29.354999542236328,31.070000648498535,31.494999885559082,31.045000076293945,35.369998931884766
2021-04-14,29.399999618530277,30.06999969482422,29.36000061035156,29.57999992370605,2011000,0,0,0.006464802245777834,0.8216666645473878,29.622500038146974,32.79765430898332,26.447345767310633,29.38499927520752,31.070000648498535,31.494999885559082,31.045000076293945,35.689998626708984
2021-04-15,30.09000015258789,30.530000686645508,30.020000457763672,30.200000762939453,3758000,0,0,0.020960136606914537,0.8388889100816489,29.43450012207031,31.9249098410884,26.944090403052222,29.539999961853027,31.070000648498535,31.494999885559082,31.045000076293945,35.7599983215332
2021-04-16,30.3700008392334,30.5,29.520000457763672,29.979999542236328,4107800,0,0,-0.007284808448518421,0.8327777650621176,29.24600009918213,30.779994053286057,27.712006145078202,29.539999961853027,31.070000648498535,31.494999885559082,31.045000076293945,35.779998779296875
2021-04-19,30.09000015258789,30.209999084472656,29.790000915527344,30.0,1529400,0,0,0.0006671266867597225,0.8333333333333307,29.191500091552733,30.52137306170733,27.861627121398136,29.640000343322754,31.070000648498535,31.72499942779541,31.274999618530273,35.5099983215332
2021-04-20,29.920000076293945,30.86000061035156,29.670000076293945,30.65999984741211,3999100,0,0,0.021999994913737053,0.8516666624281115,29.236000061035156,30.695078205556815,27.776921916513498,29.880000114440918,31.070000648498535,31.765000343322754,31.315000534057617,35.709999084472656
2021-04-21,30.65999984741211,31.290000915527344,30.600000381469727,31.190000534057617,1939900,0,0,0.01728638908294844,0.8663889037238199,29.365500068664552,31.024202016194536,27.706798121134568,30.09500026702881,30.84500026702881,31.95500087738037,31.505001068115234,35.869998931884766
2021-04-22,31.1299991607666,31.299999237060547,30.5,30.559999465942383,5151800,0,0,-0.020198815560368844,0.8488888740539523,29.4789999961853,31.138462749616565,27.819537242754038,30.09999942779541,30.839999198913574,31.95500087738037,31.505001068115234,35.97999954223633
2021-04-23,30.700000762939453,30.899999618530277,30.350000381469727,30.8799991607666,1792400,0,0,0.010471194385354599,0.857777754465736,29.619999980926515,31.251918530873485,27.988081430979545,30.09999942779541,30.839999198913574,32.00000047683716,31.505001068115234,35.5
2021-04-26,31.040000915527344,31.229999542236328,30.790000915527344,31.0,4252400,0,0,0.0038860376455533974,0.8611111111111082,29.777499961853028,31.29883406527573,28.256165858430325,30.329999923706055,30.554999351501465,32.380000591278076,31.505001068115234,35.40999984741211
2021-04-27,31.049999237060547,31.3700008392334,30.850000381469727,31.239999771118164,4834100,0,0,0.0077419281005859375,0.867777771419946,29.89999990463257,31.477679740074812,28.322320069190326,30.445000648498535,29.350000381469727,32.290000438690186,31.505001068115234,35.0
2021-04-28,31.3700008392334,31.770000457763672,31.200000762939453,31.290000915527344,2866400,0,0,0.001600548808435187,0.8691666920979788,30.02449998855591,31.628368786519005,28.420631190592815,30.645000457763672,29.550000190734863,31.997500896453857,31.505001068115234,34.18000030517578
2021-04-29,31.309999465942383,32.25,31.280000686645508,32.130001068115234,3797800,0,0,0.026845641674975163,0.8925000296698646,30.158500003814698,31.983160384679493,28.333839622949903,30.960000038146973,29.789999961853027,31.65000057220459,31.505001068115234,33.560001373291016
2021-04-30,32.060001373291016,32.52000045776367,31.700000762939453,31.709999084472656,4657200,0,0,-0.013071956728298195,0.8808333079020153,30.304499912261964,32.13513643874233,28.473863385781602,31.09500026702881,29.925000190734863,31.500000953674316,31.500000953674316,33.36000061035156
2021-05-03,31.729999542236328,32.13999938964844,31.520000457763672,31.799999237060547,4822900,0,0,0.0028382262751929233,0.8833333121405679,30.44649991989136,32.27854718671709,28.614452653065626,31.4350004196167,29.925000190734863,31.265000343322754,31.265000343322754,33.900001525878906
2021-05-04,31.729999542236328,31.899999618530277,31.15999984741211,31.309999465942383,2255100,0,0,-0.015408798203589424,0.8697222073872856,30.573999881744385,32.267025424332864,28.880974339155905,31.4350004196167,30.030000686645508,30.957500457763672,31.070000648498535,33.59000015258789
2021-05-05,31.209999084472656,31.489999771118164,30.899999618530277,31.11000061035156,3785900,0,0,-0.006387699105788069,0.8641666836208738,30.638999938964844,32.30912613680551,28.968873741124177,31.4350004196167,30.505000114440918,30.954999923706055,31.070000648498535,33.70000076293945
2021-05-06,31.13999938964844,31.190000534057617,30.57999992370605,31.049999237060547,3050400,0,0,-0.0019286844138166614,0.8624999788072346,30.711499881744384,32.318967678115136,29.104032085373635,31.550000190734863,30.505000114440918,30.954999923706055,31.070000648498535,33.47999954223633
2021-05-07,32.599998474121094,33.20000076293945,32.0099983215332,32.880001068115234,5605200,0,0,0.05893725848696452,0.913333363003198,30.867999935150145,32.67043325343555,29.065566616864743,31.890000343322754,30.875,30.8125,31.070000648498535,34.810001373291016
2021-05-10,33.25,33.31999969482422,32.22999954223633,32.2400016784668,3096600,0,0,-0.019464700999327622,0.8955556021796304,31.010000038146973,32.77411528913805,29.245884787155898,31.949999809265137,30.934999465942383,30.062500476837158,31.070000648498535,35.97999954223633
2021-05-11,32.189998626708984,32.97999954223633,32.189998626708984,32.310001373291016,5339900,0,0,0.002171206302106654,0.8975000381469697,31.1560001373291,32.84033369042451,29.4716665842337,31.949999809265137,30.934999465942383,29.87000036239624,31.070000648498535,35.720001220703125
2021-05-12,32.369998931884766,32.630001068115234,31.809999465942383,32.099998474121094,3283700,0,0,-0.006499625200991788,0.8916666242811385,31.282000064849854,32.84749186484273,29.716508264856976,31.949999809265137,31.03499984741211,29.87000036239624,31.070000648498535,34.689998626708984
2021-05-13,32.310001373291016,34.279998779296875,32.29999923706055,33.95000076293945,5954700,0,0,0.05763247279621608,0.9430555767483151,31.469500064849854,33.343299161737065,29.595700967962646,32.429999351501465,31.589999198913574,29.87000036239624,31.070000648498535,34.869998931884766
2021-05-14,33.9900016784668,34.939998626708984,33.849998474121094,34.79999923706055,2812000,0,0,0.02503677334372756,0.9666666454739009,31.710500049591065,33.96225644775089,29.45874365143124,32.75999927520752,31.91999912261963,29.87000036239624,31.070000648498535,35.189998626708984
2021-05-17,34.91999816894531,35.349998474121094,34.779998779296875,35.0099983215332,6125500,0,0,0.006034456582660441,0.9724999533759192,31.960999965667725,34.496007670873894,29.425992260461555,32.964999198913574,32.124999046325684,29.975000381469727,31.070000648498535,35.09000015258789
2021-05-18,34.810001373291016,35.70000076293945,34.79999923706055,35.29999923706055,4371000,0,0,0.008283374162545432,0.98055553436279,32.19299993515015,35.04266281273382,29.343337057566476,33.140000343322754,32.30000019073486,30.21250009536743,31.070000648498535,34.9900016784668
2021-05-19,34.900001525878906,35.400001525878906,34.619998931884766,35.369998931884766,2589600,0,0,0.001982994230513402,0.9824999703301294,32.4019998550415,35.52950705491997,29.274492655163034,33.75500011444092,32.53000068664551,30.21250009536743,31.070000648498535,35.040000915527344
2021-05-20,35.130001068115234,35.79999923706055,35.099998474121094,35.689998626708984,3491100,0,0,0.009047206799199348,0.9913888507419133,32.658499813079835,35.97739826186141,29.33960136429826,33.804999351501465,32.65999984741211,30.227499961853027,31.070000648498535,35.31999969482422
2021-05-21,35.91999816894531,36.52999877929688,35.75,35.7599983215332,4405600,0,0,0.001961325231652822,0.9933332867092527,32.902499771118165,36.37808855200104,29.426910990235292,34.16999912261963,33.02499961853027,30.30500030517578,31.070000648498535,35.31999969482422
2021-05-24,35.849998474121094,36.119998931884766,35.650001525878906,35.779998779296875,1298900,0,0,0.0005592969435803674,0.9938888549804659,33.14149971008301,36.717955393767205,29.565044026398816,34.16999912261963,33.09999942779541,30.30500030517578,31.070000648498535,34.689998626708984
2021-05-25,36.0,36.02000045776367,35.4900016784668,35.5099983215332,1668500,0,0,-0.007546128199420132,0.9863888422648084,33.35499963760376,36.96192257611621,29.74807669909131,34.41499900817871,33.09999942779541,30.355000495910645,31.070000648498535,35.0
2021-05-26,35.630001068115234,35.900001525878906,35.439998626708984,35.709999084472656,2374700,0,0,0.005632238028526526,0.9919444190131265,33.57599954605102,37.1914604480738,29.960538644028247,35.189998626708984,33.4399995803833,30.475000381469727,31.070000648498535,34.939998626708984
2021-05-27,35.689998626708984,36.0,35.52000045776367,35.869998931884766,1981100,0,0,0.004480533506417306,0.9963888592190184,33.7629994392395,37.44693737320894,30.07906150527006,35.57499885559082,33.4399995803833,30.47000026702881,31.070000648498535,34.779998779296875
2021-05-28,36.04999923706055,36.369998931884766,35.849998474121094,35.97999954223633,2540200,0,0,0.003066646602372325,0.999444431728784,33.976499462127684,37.65463250506215,30.29836641919322,35.57499885559082,33.4399995803833,30.469999313354492,31.070000648498535,34.560001373291016
2021-06-01,36.22999954223633,36.22999954223633,35.439998626708984,35.5,3488900,0,0,-0.01334073230525934,0.9861111111111083,34.16149950027466,37.75340067870715,30.569598321842165,35.57499885559082,33.554999351501465,30.469999313354492,31.070000648498535,34.41999816894531
2021-06-02,35.5,35.56999969482422,35.130001068115234,35.40999984741211,2466100,0,0,-0.0025352155658561193,0.9836111068725557,34.366499519348146,37.74332703184351,30.989672006852775,35.814998626708984,33.554999351501465,30.44249963760376,31.070000648498535,34.63999938964844
2021-06-03,35.470001220703125,35.7400016784668,34.9900016784668,35.0,2685900,0,0,-0.011578645839561474,0.9722222222222193,34.56099948883057,37.591998311197635,31.530000666463504,35.760000228881836,33.554999351501465,29.89750051498413,31.070000648498535,35.02000045776367
2021-06-04,35.06999969482422,35.130001068115234,33.9900016784668,34.18000030517578,3764500,0,0,-0.023428562709263412,0.9494444529215467,34.717499542236325,37.29137749714912,32.14362158732353,35.18000030517578,33.554999351501465,30.097500324249268,31.070000648498535,34.220001220703125
2021-06-07,34.06999969482422,34.33000183105469,33.41999816894531,33.560001373291016,3964800,0,0,-0.01813923131507056,0.9322222603691921,34.751499557495116,37.24316452225122,32.25983459273901,34.89499855041504,33.554999351501465,30.375,31.070000648498535,34.130001068115234
2021-06-08,33.68000030517578,33.75,33.029998779296875,33.36000061035156,3800200,0,0,-0.005959498055879808,0.926666683620874,34.80749950408936,37.11224929114328,32.502749717035435,34.69999885559082,33.554999351501465,30.510000228881836,31.070000648498535,34.22999954223633
2021-06-09,33.56999969482422,34.040000915527344,33.40999984741211,33.900001525878906,3271900,0,0,0.01618707750742021,0.9416667090521892,34.88699951171875,36.9343566521261,32.8396423713114,34.69999885559082,33.554999351501465,30.68000030517578,31.070000648498535,34.2599983215332
2021-06-10,33.900001525878906,34.02000045776367,33.27000045776367,33.59000015258789,3840700,0,0,-0.009144582871312368,0.9330555597941055,34.96149959564209,36.675812975424456,33.24718621585972,34.69999885559082,33.554999351501465,30.732500553131104,31.070000648498535,34.22999954223633
2021-06-11,33.66999816894531,33.81999969482422,33.41999816894531,33.70000076293945,1475700,0,0,0.003274802317709602,0.936111132303871,34.94899959564209,36.696321138006006,33.20167805327818,34.6299991607666,33.554999351501465,30.97000026702881,31.070000648498535,35.529998779296875
2021-06-14,33.75,33.9900016784668,33.2599983215332,33.47999954223633,3073200,0,0,-0.00652822598583036,0.9299999872843397,34.88299961090088,36.74508071387185,33.02091850792991,34.385000228881836,34.16999912261963,31.02750015258789,31.070000648498535,35.66999816894531
2021-06-15,34.0099983215332,36.34000015258789,34.0099983215332,34.810001373291016,9818600,0,0,0.03972526431420165,0.9669444825914143,34.87299976348877,36.73438581568511,33.01161371129243,34.68499946594238,34.16999912261963,31.382500171661377,31.070000648498535,36.02999877929688
2021-06-16,35.52000045776367,36.40999984741211,35.15999984741211,35.97999954223633,7339200,0,0,0.033610977385454266,0.999444431728784,34.90699977874756,36.82298289091955,32.991016666575575,34.71999931335449,34.16999912261963,31.44249963760376,31.070000648498535,36.5
2021-06-17,35.7599983215332,35.91999816894531,35.0099983215332,35.720001220703125,3637600,0,0,-0.007226190240163688,0.9922222561306395,34.924499893188475,36.863585066914936,32.985414719462014,34.71999931335449,34.16999912261963,31.44249963760376,31.070000648498535,35.810001373291016
2021-06-18,35.470001220703125,35.650001525878906,34.61000061035156,34.689998626708984,5647400,0,0,-0.028835457972973266,0.9636110729641357,34.87449989318848,36.7830542515689,32.96594553480806,34.71999931335449,34.41499900817871,31.492499828338623,31.070000648498535,36.2400016784668
2021-06-21,34.77000045776367,35.060001373291016,34.43000030517578,34.869998931884766,2398800,0,0,0.0051888242231636905,0.9686110814412408,34.829999923706055,36.69441346578121,32.9655863816309,34.834999084472656,34.779998779296875,32.00999927520752,31.070000648498535,36.63999938964844
2021-06-22,35.06999969482422,35.36000061035156,34.65999984741211,35.189998626708984,1857400,0,0,0.009176934460173314,0.9774999618530246,34.80049991607666,36.621556409675115,32.979443422478205,34.834999084472656,34.779998779296875,32.339999198913574,31.13499927520752,36.61000061035156
2021-06-23,35.08000183105469,35.470001220703125,35.08000183105469,35.09000015258789,2009000,0,0,-0.0028416731464488976,0.974722226460772,34.779500007629395,36.576616944023016,32.98238307123577,34.834999084472656,34.779998779296875,32.54499912261963,31.339999198913574,36.470001220703125
2021-06-24,35.40999984741211,35.40999984741211,34.869998931884766,34.9900016784668,4815000,0,0,-0.0028497712649260265,0.9719444910685193,34.7435001373291,36.49229582660835,32.99470444804985,34.834999084472656,34.779998779296875,32.72000026702881,31.515000343322754,36.5
2021-06-25,34.939998626708984,35.27000045776367,34.79999923706055,35.040000915527344,2294100,0,0,0.0014289578354411692,0.9733333587646456,34.70200023651123,36.37905678196815,33.02494369105431,35.209999084472656,34.779998779296875,33.14250040054321,31.515000343322754,36.720001220703125
2021-06-28,35.13999938964844,35.40999984741211,34.86000061035156,35.31999969482422,1737000,0,0,0.007990832533705694,0.9811111026340031,34.669000244140626,36.26746931659637,33.070531171684884,35.420000076293945,34.779998779296875,33.23249959945679,31.5649995803833,36.41999816894531
2021-06-29,35.43000030517578,36.36000061035156,35.2400016784668,35.31999969482422,2981600,0,0,0.0,0.9811111026340031,34.660000228881835,36.24140457343523,33.078595884328436,35.39500045776367,34.71999931335449,33.59749937057495,31.929999351501465,35.79999923706055
2021-06-30,35.43000030517578,35.43000030517578,34.599998474121094,34.689998626708984,2296100,0,0,-0.01783694998750396,0.9636110729641356,34.62400016784668,36.16738910777094,33.080611227922425,35.39500045776367,34.71999931335449,33.63499927520752,31.929999351501465,35.36000061035156
2021-07-01,34.72999954223633,35.220001220703125,34.63999938964844,35.0,1768400,0,0,0.008936332821078086,0.9722222222222193,34.62400016784668,36.16738910777094,33.080611227922425,35.39500045776367,34.71999931335449,33.75749921798706,31.929999351501465,29.670000076293945
2021-07-02,34.970001220703125,35.119998931884766,34.689998626708984,34.939998626708984,1741600,0,0,-0.0017143249511718528,0.97055551740858,34.66200008392334,36.197103028157784,33.12689713968889,35.47999954223633,34.71999931335449,34.31499910354614,31.929999351501465,29.57999992370605
2021-07-06,34.79999923706055,35.09000015258789,34.630001068115234,34.779998779296875,2934000,0,0,-0.004579274576439252,0.9661110772026881,34.72299995422363,36.17171326806675,33.27428664038051,35.47999954223633,34.71999931335449,34.50749921798706,31.929999351501465,29.200000762939453
2021-07-07,34.58000183105469,34.970001220703125,34.459999084472656,34.560001373291016,4012700,0,0,-0.006325400049663421,0.9600000381469698,34.782999992370605,36.092184283821126,33.473815700920085,35.40999984741211,34.71999931335449,34.50749921798706,31.929999351501465,30.15999984741211
2021-07-08,34.13999938964844,34.45000076293945,33.41999816894531,34.41999816894531,3883300,0,0,-0.004051018483289259,0.956111060248478,34.80899982452392,36.06607108504415,33.551928564003695,34.88999938964844,34.71999931335449,34.56499910354614,31.929999351501465,31.0
2021-07-09,34.650001525878906,34.7599983215332,34.36000061035156,34.63999938964844,2054400,0,0,0.00639166857660145,0.9622222052680093,34.86149978637695,35.990398244154896,33.73260132859901,34.88999938964844,34.71999931335449,34.684998989105225,31.929999351501465,31.530000686645508
2021-07-12,34.7599983215332,35.22999954223633,34.68000030517578,35.02000045776367,5245200,0,0,0.010970007933337023,0.9727777904934324,34.927499771118164,35.92203821446846,33.93296132776787,34.88999938964844,34.71999931335449,34.65749979019165,31.929999351501465,31.700000762939453
2021-07-13,34.83000183105469,34.90999984741211,34.189998626708984,34.220001220703125,1986900,0,0,-0.022844067007520397,0.9505555894639728,34.9644998550415,35.777604178002704,34.1513955320803,34.42499923706055,34.71999931335449,34.36749982833862,31.929999351501465,31.489999771118164
2021-07-14,34.22999954223633,34.540000915527344,34.11000061035156,34.130001068115234,5326200,0,0,-0.00263004527695454,0.9480555852254203,34.93049983978271,35.820690923500614,34.04030875606481,34.32499885559082,34.71999931335449,34.22499895095825,31.929999351501465,31.5
2021-07-15,33.790000915527344,34.400001525878906,33.790000915527344,34.22999954223633,1768700,0,0,0.002929928830694095,0.9508333206176729,34.84299983978271,35.64174441214796,34.04425526741747,34.32499885559082,34.834999084472656,34.12749910354614,31.929999351501465,31.5
2021-07-16,34.41999816894531,34.59000015258789,33.880001068115234,34.2599983215332,5044600,0,0,0.000876388539236217,0.9516666200425862,34.76999969482422,35.49777404908015,34.042225340568294,34.32499885559082,34.834999084472656,34.12749910354614,31.929999351501465,31.76000022888184
2021-07-19,33.9900016784668,34.310001373291016,33.720001220703125,34.22999954223633,2657500,0,0,-0.0008756211548912596,0.950833320617673,34.746999740600586,35.511970845451316,33.982028635749856,34.32499885559082,34.834999084472656,34.12749910354614,32.03499984741211,32.279998779296875
2021-07-20,34.54999923706055,35.95000076293945,34.459999084472656,35.529998779296875,4925400,0,0,0.03797835975593511,0.9869444105360213,34.77999973297119,35.617661991932536,33.94233747400985,34.68499946594238,34.834999084472656,34.09249925613403,32.50999927520752,32.630001068115234
2021-07-21,35.52000045776367,35.83000183105469,35.369998931884766,35.66999816894531,1817800,0,0,0.003940315070599221,0.9908332824707001,34.803999710083005,35.712578101801476,33.895421318364534,34.83500099182129,34.91499900817871,34.27749967575073,32.50999927520752,32.77000045776367
2021-07-22,35.72999954223633,36.08000183105469,35.470001220703125,36.02999877929688,1838900,0,0,0.010092532347394156,1.0008332994249105,34.850999641418454,35.90168957264346,33.800309710193446,34.900001525878906,34.91499900817871,34.427499294281006,32.53999900817871,33.310001373291016
2021-07-23,36.20000076293945,36.880001068115234,36.040000915527344,36.5,3125300,0,0,0.013044719306879005,1.013888888888886,34.92649955749512,36.20195485373032,33.65104426125992,35.30000114440918,35.14999961853027,34.44499921798706,32.53999900817871,33.439998626708984
2021-07-26,36.33000183105469,36.52999877929688,35.689998626708984,35.810001373291016,2192300,0,0,-0.01890407196462973,0.994722260369192,34.9649995803833,36.29767047826876,33.632328682497835,35.30000114440918,35.14999961853027,34.44499921798706,32.53999900817871,33.380001068115234
2021-07-27,35.58000183105469,36.25,35.4900016784668,36.2400016784668,3150100,0,0,0.012007827106549573,1.0066667132907414,35.01099967956543,36.44997828492815,33.57202107420271,35.30000114440918,35.14999961853027,34.5674991607666,32.63999938964844,33.529998779296875
2021-07-28,36.15999984741211,36.90999984741211,36.060001373291016,36.63999938964844,2433600,0,0,0.011037463925375857,1.0177777608235647,35.07699966430664,36.68020817195763,33.47379115665565,35.31500053405762,35.16499900817871,34.807498931884766,32.71499919891358,33.79999923706055
2021-07-29,36.88999938964844,37.4900016784668,36.52999877929688,36.61000061035156,2727100,0,0,-0.0008187439900817495,1.0169444613986516,35.17299976348877,36.898656694930544,33.44734283204699,35.60500144958496,35.454999923706055,34.807498931884766,32.71499919891358,34.150001525878906
2021-07-30,36.43999862670898,36.81999969482422,36.060001373291016,36.470001220703125,1852900,0,0,-0.003824075042731745,1.0130555894639728,35.24649982452392,37.060368797595416,33.43263085145243,35.97500038146973,35.454999923706055,34.807498931884766,32.71499919891358,34.02000045776367
2021-08-02,36.709999084472656,36.72999954223633,36.29999923706055,36.5,1466000,0,0,0.0008225604138407672,1.013888888888886,35.324499893188474,37.21241320866347,33.43658657771348,36.43000030517578,35.454999923706055,34.807498931884766,32.71499919891358,33.88999938964844
2021-08-03,36.56999969482422,36.7599983215332,36.20000076293945,36.720001220703125,1581700,0,0,0.0060274307041952024,1.0200000339084172,35.421500015258786,37.386181101180874,33.4568189293367,36.48000144958496,35.454999923706055,34.994998931884766,32.94499969482422,33.540000915527344
2021-08-04,36.380001068115234,36.77000045776367,36.2400016784668,36.41999816894531,1786400,0,0,-0.008170017477795333,1.0116666158040335,35.51449985504151,37.48338756235845,33.54561214772456,36.4900016784668,35.454999923706055,35.09999942779541,33.02499961853027,33.380001068115234
2021-08-05,36.41999816894531,36.5,35.29999923706055,35.79999923706055,3290800,0,0,-0.017023584927399193,0.994444423251679,35.583499908447266,37.489159138930475,33.677840677964056,36.39500045776367,35.454999923706055,35.05749988555908,33.02499961853027,33.279998779296875
2021-08-06,35.689998626708984,35.689998626708984,35.040000915527344,35.36000061035156,2740400,0,0,-0.012290464695135839,0.9822222391764296,35.61949996948242,37.478641811584225,33.76035812738061,36.26500129699707,35.454999923706055,35.05749988555908,33.09999942779541,32.91999816894531
2021-08-09,29.979999542236328,31.670000076293945,28.59000015258789,29.670000076293945,27938600,0,0,-0.1609163019186115,0.8241666687859406,35.35199995040894,38.553748334738486,32.15025156607939,33.040000915527344,33.040000915527344,35.05749988555908,33.09999942779541,32.40999984741211
2021-08-10,29.899999618530277,30.40999984741211,28.81999969482422,29.57999992370605,11193800,0,0,-0.003033372172445814,0.8216666645473879,35.11999988555908,39.18332255797433,31.056677213143836,33.040000915527344,33.040000915527344,35.09999942779541,33.4399995803833,32.470001220703125
2021-08-11,29.700000762939453,30.020000457763672,28.90999984741211,29.200000762939453,9675900,0,0,-0.012846489578996145,0.8111111323038713,34.87349987030029,39.68522793859368,30.061771802006906,32.704999923706055,33.040000915527344,35.09999942779541,33.4399995803833,32.400001525878906
2021-08-12,29.200000762939453,30.3700008392334,29.100000381469727,30.15999984741211,4754400,0,0,0.03287668011608691,0.8377777735392228,34.66999988555908,39.9038894180945,29.436110353023658,32.68000030517578,33.040000915527344,35.0649995803833,33.4399995803833,31.82999992370605
2021-08-13,30.149999618530277,31.059999465942383,29.989999771118164,31.0,5170700,0,0,0.027851464086130262,0.8611111111111086,34.50699996948242,39.981983223276295,29.032016715688545,32.68000030517578,33.040000915527344,34.804999351501465,33.554999351501465,31.690000534057617
2021-08-16,31.049999237060547,31.790000915527344,30.8799991607666,31.530000686645508,5015100,0,0,0.017096796343403442,0.875833352406817,34.37200002670288,40.00033361625947,28.743666437146288,32.68000030517578,33.040000915527344,34.804999351501465,33.554999351501465,31.799999237060547
2021-08-17,31.040000915527344,31.75,30.989999771118164,31.700000762939453,2960900,0,0,0.0053916927558441685,0.8805555767483155,34.18050012588501,39.89908946285697,28.461910788913052,32.545000076293945,33.040000915527344,34.804999351501465,33.554999351501465,32.470001220703125
2021-08-18,31.96999931335449,32.13999938964844,31.3700008392334,31.489999771118164,2324900,0,0,-0.006624636806532913,0.8747222158643908,33.97150020599365,39.76292977813083,28.180070633856467,32.13999938964844,33.040000915527344,34.57249927520752,33.554999351501465,32.630001068115234
2021-08-19,31.420000076293945,32.060001373291016,31.350000381469727,31.5,2502100,0,0,0.00031756840122332264,0.8749999999999973,33.74500026702881,39.55115878710066,27.938841746956953,30.364999771118164,33.040000915527344,34.522499084472656,33.554999351501465,32.81999969482422
2021-08-20,31.459999084472656,31.86000061035156,31.32999992370605,31.5,2709200,0,0,0.0,0.8749999999999973,33.49500026702881,39.234613259218015,27.7553872748396,30.479999542236328,33.040000915527344,34.57999897003174,33.554999351501465,32.54999923706055
2021-08-23,31.700000762939453,31.989999771118164,31.5,31.76000022888184,3884300,0,0,0.008253975520058354,0.8822222285800484,33.29250020980835,38.976019584434965,27.608980835181743,30.524999618530273,33.040000915527344,34.57999897003174,33.554999351501465,32.349998474121094
2021-08-24,31.770000457763672,32.41999816894531,31.600000381469727,32.279998779296875,4501800,0,0,0.016372750209937337,0.8966666327582438,33.09450006484985,38.625735125959125,27.563265003740586,30.75999927520752,33.040000915527344,34.57999897003174,33.554999351501465,31.88999938964844
2021-08-25,32.29999923706055,32.75,32.040000915527344,32.630001068115234,2792600,0,0,0.010842698328812794,0.9063889185587538,32.894000148773195,38.17926157445305,27.60873872309334,31.369999885559082,33.040000915527344,34.75999927520752,33.554999351501465,32.09000015258789
2021-08-26,32.439998626708984,32.779998779296875,32.22999954223633,32.77000045776367,1894700,0,0,0.00429051134127123,0.9102777904934327,32.7020001411438,37.70160625943961,27.70239402284799,31.82999897003174,33.040000915527344,34.875,34.16999912261963,32.099998474121094
2021-08-27,32.810001373291016,33.45000076293945,32.63999938964844,33.310001373291016,3392300,0,0,0.016478514128290378,0.9252778159247477,32.54400014877319,37.24497903119995,27.84302126634644,32.22000026702881,33.040000915527344,34.90750026702881,34.16999912261963,32.13999938964844
2021-08-30,33.43000030517578,33.849998474121094,33.130001068115234,33.439998626708984,2322900,0,0,0.0039026492962621617,0.9288888507419134,32.39100008010864,36.75019835596828,28.031801804249,32.589999198913574,33.040000915527344,35.22500038146973,34.34500026702881,32.689998626708984
2021-08-31,33.369998931884766,33.7599983215332,33.18000030517578,33.380001068115234,3104500,0,0,-0.0017941854383279887,0.9272222518920871,32.22400007247925,36.13533195017322,28.312668194785285,32.589999198913574,33.040000915527344,35.22500038146973,34.34500026702881,33.290000915527344
2021-09-01,33.279998779296875,33.720001220703125,33.09000015258789,33.529998779296875,2303400,0,0,0.004493640095323936,0.9313888549804659,32.079500102996825,35.5434738277118,28.615526378281846,32.589999198913574,33.040000915527344,35.22500038146973,34.59000015258789,33.150001525878906
2021-09-02,33.7400016784668,34.130001068115234,33.540000915527344,33.79999923706055,2203700,0,0,0.008052504252710646,0.9388888676961233,31.979500102996827,35.10335203906553,28.85564816692813,32.81500053405762,33.040000915527344,35.239999771118164,34.96999931335449,32.88999938964844
2021-09-03,33.9900016784668,34.220001220703125,33.75,34.150001525878906,4848800,0,0,0.010355097536055347,0.9486111534966333,31.919000148773193,34.81479056867288,29.023209728873503,32.910000801086426,32.704999923706055,35.53000068664551,35.260000228881836,32.18000030517578
2021-09-07,33.900001525878906,34.02000045776367,33.369998931884766,34.02000045776367,3859700,0,0,-0.003806766099753167,0.9450000127156546,32.13650016784668,34.97624244842189,29.29675788727146,33.130001068115234,32.68000030517578,35.71500015258789,35.260000228881836,32.029998779296875
2021-09-08,33.81999969482422,34.130001068115234,33.41999816894531,33.88999938964844,6577100,0,0,-0.003821312944326194,0.9413888719346758,32.3520001411438,35.0309135875187,29.673086694768894,33.22500038146973,32.68000030517578,35.94250011444092,35.260000228881836,32.45000076293945
2021-09-09,33.81999969482422,34.209999084472656,33.5099983215332,33.540000915527344,2992300,0,0,-0.010327485406447012,0.9316666920979788,32.56900014877319,34.86306768343725,30.274932614109133,33.43000030517578,32.68000030517578,35.96750068664551,35.260000228881836,32.540000915527344
2021-09-10,33.540000915527344,33.56999969482422,32.900001525878906,33.380001068115234,1433200,0,0,-0.004770418695428158,0.927222251892087,32.73000020980835,34.75917458548356,30.70082583413315,33.560001373291016,32.545000076293945,35.972500801086426,35.260000228881836,32.099998474121094
2021-09-13,33.540000915527344,33.65999984741211,33.119998931884766,33.279998779296875,4021500,0,0,-0.0029958743444703506,0.9244444105360214,32.84400014877319,34.720439487050896,30.96756081049548,33.560001373291016,32.13999938964844,35.92500019073486,35.260000228881836,32.63999938964844
2021-09-14,33.5,33.619998931884766,32.83000183105469,32.91999816894531,1539800,0,0,-0.010817326428975593,0.9144443935818114,32.913500022888186,34.689326782946566,31.13767326282981,33.525001525878906,31.405000686645508,35.86000061035156,35.260000228881836,33.65999984741211
2021-09-15,32.849998474121094,32.900001525878906,32.11000061035156,32.40999984741211,3572000,0,0,-0.015492051941069174,0.9002777735392224,32.94899997711182,34.6525203868501,31.245479567373536,33.165000915527344,31.520000457763672,33.040000915527344,33.040000915527344,33.599998474121094
2021-09-16,32.470001220703125,32.66999816894531,32.11000061035156,32.470001220703125,4579900,0,0,0.0018513228501544354,0.9019444783528617,32.99800004959106,34.5817506362465,31.41424946293563,33.165000915527344,31.565000534057617,33.040000915527344,33.040000915527344,33.900001525878906
2021-09-17,32.439998626708984,32.84000015258789,32.06999969482422,32.400001525878906,5071100,0,0,-0.002155826676704442,0.9000000423855223,33.04300012588501,34.49856414340162,31.587436108368394,33.13999938964844,31.660000801086426,32.8725004196167,33.040000915527344,33.970001220703125
2021-09-20,31.940000534057617,32.22999954223633,31.40999984741211,31.82999992370605,3148400,0,0,-0.017592641213846183,0.8841666645473875,33.05950012207031,34.45006778529709,31.668932458843535,32.80999946594238,32.105000495910645,32.86000061035156,33.040000915527344,33.4900016784668
2021-09-21,31.899999618530277,32.130001068115234,31.59000015258789,31.690000534057617,3698600,0,0,-0.004398347156267746,0.8802777926127087,33.0560001373291,34.46006700801668,31.65193326664152,32.80999946594238,32.55000019073486,32.86000061035156,33.040000915527344,33.310001373291016
2021-09-22,31.729999542236328,31.950000762939453,31.600000381469727,31.799999237060547,4741800,0,0,0.0034710855521984385,0.8833333121405678,33.03200016021729,34.50382967317696,31.560170647257614,32.53499984741211,32.605000495910645,32.86000061035156,33.040000915527344,32.900001525878906
2021-09-23,31.809999465942383,32.66999816894531,31.790000915527344,32.470001220703125,4115100,0,0,0.021069245274123682,0.9019444783528614,33.02400016784668,34.50629869519827,31.54170164049509,32.53499984741211,32.77500057220459,32.792500495910645,33.040000915527344,32.880001068115234
2021-09-24,32.470001220703125,32.72999954223633,32.349998474121094,32.630001068115234,1347100,0,0,0.004927620615859274,0.9063889185587534,33.01700019836426,34.50540649223277,31.52859390449574,32.51499938964844,32.77500057220459,32.59000015258789,33.040000915527344,32.869998931884766
2021-09-27,32.619998931884766,33.09000015258789,32.61000061035156,32.81999969482422,3453900,0,0,0.005822820119201433,0.9116666581895585,32.992500114440915,34.47689052886324,31.508109700018593,32.25,32.77500057220459,31.702500343322754,33.040000915527344,31.729999542236328
2021-09-28,32.7400016784668,32.900001525878906,32.20000076293945,32.54999923706055,4232000,0,0,-0.008226705066248119,0.904166645473901,32.9480001449585,34.42938729299387,31.46661299692313,32.25,32.81500053405762,31.760000228881836,33.040000915527344,32.220001220703125
2021-09-29,32.779998779296875,33.099998474121094,32.34000015258789,32.349998474121094,3230000,0,0,-0.006144416824186538,0.8986110687255828,32.89650001525879,34.38591375451801,31.407086275999568,32.2549991607666,32.81500053405762,31.78250026702881,33.040000915527344,32.869998931884766
2021-09-30,32.41999816894531,32.560001373291016,31.770000457763672,31.88999938964844,2800000,0,0,-0.014219446867691055,0.8858333163791203,32.81450004577637,34.335962100052804,31.293037991499933,32.2549991607666,32.81500053405762,31.90000009536743,33.040000915527344,34.09000015258789
2021-10-01,31.82999992370605,32.41999816894531,31.61000061035156,32.09000015258789,2534600,0,0,0.006271582526413244,0.8913888931274383,32.729000091552734,34.21056912782801,31.24743105527746,32.34499931335449,32.81500053405762,32.20500040054321,33.040000915527344,33.25
2021-10-04,32.060001373291016,32.43000030517578,31.68000030517578,32.099998474121094,2236900,0,0,0.00031157125227987414,0.8916666242811384,32.62649993896484,33.97716139815103,31.27583847977865,32.34999942779541,32.81500053405762,32.43499994277954,33.040000915527344,33.099998474121094
2021-10-05,31.950000762939453,32.630001068115234,31.8700008392334,32.13999938964844,2764300,0,0,0.001246134499339302,0.8927777608235645,32.53249988555908,33.734077941998336,31.33092182911983,32.35499954223633,32.81500053405762,32.630000591278076,33.040000915527344,32.97999954223633
2021-10-06,31.959999084472656,32.869998931884766,31.8799991607666,32.689998626708984,5090800,0,0,0.01711260882094745,0.9080555174085796,32.47249984741211,33.50286477984821,31.44213491497601,32.35499954223633,32.81500053405762,32.81500005722046,33.040000915527344,32.7400016784668
2021-10-07,32.939998626708984,33.72999954223633,32.869998931884766,33.290000915527344,3483700,0,0,0.01835430755656664,0.924722247653534,32.45999984741211,33.4427196215259,31.47728007329831,32.670000076293945,32.81500053405762,32.81500005722046,33.040000915527344,33.029998779296875
2021-10-08,33.34000015258789,33.56999969482422,32.97999954223633,33.150001525878906,1432900,0,0,-0.004205448657201405,0.9208333757188552,32.448499870300296,33.39207425395636,31.504925486644236,32.670000076293945,32.81500053405762,32.81500005722046,33.040000915527344,32.15999984741211
2021-10-11,33.20000076293945,33.34000015258789,32.790000915527344,32.88999938964844,1968500,0,0,-0.007843201335224537,0.9136110941568977,32.42899990081787,33.31692683721806,31.54107296441768,32.670000076293945,32.81500053405762,32.92750072479248,33.040000915527344,32.290000915527344
2021-10-12,32.70000076293945,32.790000915527344,31.920000076293945,32.18000030517578,2887500,0,0,-0.021587081108189854,0.8938888973659906,32.39200000762939,33.256101009109166,31.527899006149617,32.670000076293945,32.80999946594238,32.80750036239624,33.040000915527344,31.950000762939453
2021-10-13,32.130001068115234,32.31999969482422,31.84000015258789,32.029998779296875,3688800,0,0,-0.004661327671111937,0.8897221883137988,32.37299995422363,33.251431006457075,31.49456890199018,32.670000076293945,32.80999946594238,32.90500068664551,33.040000915527344,32.34000015258789
2021-10-14,32.220001220703125,32.630001068115234,32.209999084472656,32.45000076293945,1982000,0,0,0.013112769267854318,0.901388910081648,32.37199993133545,33.25002807763177,31.493971785039136,32.704999923706055,32.80999946594238,32.952500343322754,33.040000915527344,32.11000061035156
2021-10-15,32.61000061035156,32.970001220703125,32.459999084472656,32.540000915527344,1686500,0,0,0.0027735023257897673,0.9038889143202006,32.378999900817874,33.26006937009764,31.497930431538105,32.78499984741211,32.56999969482422,33.05500030517578,33.040000915527344,32.04999923706055
2021-10-18,32.31999969482422,32.38999938964844,31.979999542236328,32.099998474121094,2266100,0,0,-0.013521893946729757,0.8916666242811381,32.39249982833862,33.24710214771648,31.53789750896076,32.78499984741211,32.56999969482422,33.05250072479248,33.040000915527344,32.06999969482422
2021-10-19,32.310001373291016,32.88999938964844,32.310001373291016,32.63999938964844,1521800,0,0,0.016822459227301634,0.9066666497124533,32.43999977111817,33.23613110628841,31.643868435947923,32.78499984741211,32.56999969482422,32.85000038146973,33.040000915527344,30.790000915527344
2021-10-20,32.880001068115234,33.72999954223633,32.880001068115234,33.65999984741211,5426000,0,0,0.0312500146089818,0.934999995761444,32.53299980163574,33.43686497319756,31.629134630073924,32.78499984741211,32.56999969482422,32.46500110626221,33.040000915527344,30.21999931335449
2021-10-21,33.84000015258789,33.90999984741211,33.400001525878906,33.599998474121094,2283300,0,0,-0.00178257200127796,0.9333332909478046,32.58949966430664,33.60608757945103,31.57291174916226,32.875,32.65999984741211,32.34250068664551,33.040000915527344,30.190000534057617
2021-10-22,33.59000015258789,33.959999084472656,33.41999816894531,33.900001525878906,1252600,0,0,0.00892866266017478,0.9416667090521883,32.65299968719482,33.82092819705734,31.4850711773323,32.89999961853027,32.68499946594238,32.36500072479248,33.040000915527344,28.739999771118164
2021-10-25,33.93000030517578,34.189998626708984,33.689998626708984,33.970001220703125,1228800,0,0,0.002064887659983805,0.9436111450195277,32.71049976348877,34.01270733591862,31.40829219105892,33.01499938964844,32.79999923706055,32.40000009536743,33.040000915527344,28.13999938964844
2021-10-26,33.95000076293945,34.040000915527344,33.47999954223633,33.4900016784668,2046400,0,0,-0.014130100823893765,0.9302778244018519,32.757499885559085,34.10080116262389,31.41419860849428,33.084999084472656,32.88999938964844,32.457499980926514,33.040000915527344,28.780000686645508
2021-10-27,33.400001525878906,33.689998626708984,33.119998931884766,33.310001373291016,2692000,0,0,-0.0053747475710494985,0.9252778159247469,32.80550003051758,34.155791202185775,31.45520885884938,33.084999084472656,32.894999504089355,32.67999982833862,33.040000915527344,28.170000076293945
2021-10-28,31.399999618530277,33.060001373291016,31.15999984741211,32.900001525878906,3748500,0,0,-0.012308610942924236,0.9138889312744105,32.856000137329104,34.13869878353178,31.57330149112643,32.67499923706055,32.67499923706055,32.57000017166138,33.040000915527344,28.790000915527344
2021-10-29,32.880001068115234,33.130001068115234,32.650001525878906,32.880001068115234,2805000,0,0,-0.0006079166211570008,0.9133333630031973,32.89550018310547,34.12858049999321,31.662419866217725,32.67499923706055,32.67499923706055,32.65500020980835,33.040000915527344,28.96999931335449
2021-11-01,32.97999954223633,33.130001068115234,32.70000076293945,32.869998931884766,3055900,0,0,-0.0003042012136723615,0.9130555258856843,32.934000205993655,34.11157164645611,31.756428765531197,32.67499923706055,32.67499923706055,32.644999980926514,33.040000915527344,29.540000915527344
2021-11-02,32.91999816894531,32.91999816894531,31.690000534057617,31.729999542236328,5564800,0,0,-0.03468206348320291,0.8813888761732278,32.913500213623045,34.15873301524668,31.668267411999405,32.67499923706055,32.67499923706055,32.512500286102295,33.040000915527344,28.489999771118164
2021-11-03,31.63999938964844,32.2599983215332,31.59000015258789,32.220001220703125,3799200,0,0,0.0154428517345091,0.8950000339084165,32.890000343322754,34.16887202866509,31.61112865798042,32.67499923706055,32.67499923706055,32.53250026702881,33.040000915527344,27.96999931335449
2021-11-04,32.36000061035156,32.900001525878906,32.310001373291016,32.869998931884766,3811600,0,0,0.020173733288501028,0.9130555258856843,32.86900024414062,34.13448826795904,31.603512220322198,32.67499923706055,32.67499923706055,32.53499984741211,33.040000915527344,27.739999771118164
2021-11-05,34.029998779296875,35.0,33.20000076293945,34.09000015258789,4880000,0,0,0.03711594950858643,0.9469444486829932,32.91600017547607,34.28639950298521,31.545600847966927,33.079999923706055,33.079999923706055,32.53499984741211,33.040000915527344,28.11000061035156
2021-11-08,34.150001525878906,34.33000183105469,32.459999084472656,33.25,4815600,0,0,-0.02464066144992738,0.9236111111111075,32.934000205993655,34.31207961643598,31.555920795551334,33.079999923706055,33.079999923706055,32.579999923706055,33.040000915527344,28.459999084472656
2021-11-09,33.43000030517578,33.43000030517578,32.810001373291016,33.099998474121094,6827100,0,0,-0.004511324086583612,0.9194444020589158,32.98000011444092,34.31460482495295,31.645395403928887,33.079999923706055,33.079999923706055,32.582499980926514,33.040000915527344,27.979999542236328
2021-11-10,32.880001068115234,33.130001068115234,32.619998931884766,32.97999954223633,3725800,0,0,-0.0036253455412871283,0.91611109839545,33.02750015258789,34.28828142059481,31.766718884580975,33.295000076293945,33.079999923706055,32.58500003814697,33.040000915527344,28.270000457763672
2021-11-11,32.810001373291016,32.90999984741211,32.529998779296875,32.7400016784668,3005100,0,0,-0.007277072986680122,0.9094444910685187,33.042000198364256,34.282161449700716,31.801838947027793,33.295000076293945,33.079999923706055,32.58500003814697,33.040000915527344,28.200000762939453
2021-11-12,32.7400016784668,33.130001068115234,32.54999923706055,33.029998779296875,3743300,0,0,0.008857577457633825,0.9174999660915765,33.06650009155273,34.28496198159122,31.848038201514242,33.295000076293945,33.079999923706055,32.74250030517578,33.040000915527344,28.770000457763672
2021-11-15,33.0,33.02000045776367,31.649999618530277,32.15999984741211,5573900,0,0,-0.02633965982554254,0.8933333290947776,33.06950016021729,34.278586751823454,31.860413568611126,33.295000076293945,33.079999923706055,32.74250030517578,33.040000915527344,28.34000015258789
2021-11-16,32.04999923706055,32.5099983215332,31.88999938964844,32.290000915527344,4523900,0,0,0.004042321788931602,0.8969444698757562,33.05200023651123,34.29546639614172,31.808534076880747,33.32499980926514,33.079999923706055,32.74250030517578,33.040000915527344,28.8799991607666
2021-11-17,32.189998626708984,32.279998779296875,31.600000381469727,31.950000762939453,3371000,0,0,-0.010529580147035422,0.8875000211927592,32.9665002822876,34.26551698998422,31.667483574590975,33.30000019073486,33.079999923706055,32.739999771118164,32.704999923706055,28.959999084472656
2021-11-18,32.65999984741211,33.20000076293945,32.16999816894531,32.34000015258789,4731100,0,0,0.012206553375135432,0.8983333375718824,32.903500366210935,34.19563496992669,31.61136576249518,32.96500110626221,33.079999923706055,32.739999771118164,32.68000030517578,28.8799991607666
2021-11-19,32.20000076293945,32.66999816894531,32.02000045776367,32.11000061035156,3339800,0,0,-0.007111921495087659,0.891944461398651,32.81400032043457,34.06450018115346,31.563500459715687,32.515000343322754,33.079999923706055,32.75749969482422,32.68000030517578,28.270000457763672
2021-11-22,32.349998474121094,32.83000183105469,32.02000045776367,32.04999923706055,3026800,0,0,-0.0018686195001713646,0.8902777565850116,32.71800022125244,33.890308324632784,31.54569211787209,32.40000057220459,33.079999923706055,32.677499771118164,32.68000030517578,28.709999084472656
2021-11-23,31.920000076293945,32.2400016784668,31.399999618530277,32.06999969482422,1981900,0,0,0.0006240392586513988,0.8908333248562248,32.64700012207031,33.79518114005723,31.498819104083392,32.30000019073486,33.079999923706055,32.677499771118164,32.545000076293945,28.3799991607666
2021-11-24,31.850000381469727,31.979999542236328,30.76000022888184,30.790000915527344,3431700,0,0,-0.0399126533045604,0.8552778032090894,32.52100009918213,33.885728408168134,31.15627179019613,31.980000495910645,32.88000011444092,32.677499771118164,32.13999938964844,28.25
2021-11-26,30.38999938964844,30.850000381469727,30.06999969482422,30.21999931335449,1905400,0,0,-0.0185125555447907,0.8394444253709545,32.38699998855591,34.069659596906796,30.704340380205018,31.635000228881836,32.53499984741211,32.677499771118164,31.405000686645508,28.40999984741211
2021-11-29,30.559999465942383,30.63999938964844,29.8700008392334,30.190000534057617,3342500,0,0,-0.0009926796816178696,0.8386111259460414,32.252499961853026,34.17212948028682,30.332870443419228,31.535000801086426,32.4350004196167,32.767499923706055,31.520000457763672,27.899999618530277
2021-11-30,29.84000015258789,30.190000534057617,28.690000534057617,28.739999771118164,4512100,0,0,-0.04802917314637656,0.7983333269755012,32.0460000038147,34.481157066146636,29.610842941482762,30.945000648498535,31.84500026702881,32.79249954223633,31.565000534057617,27.07999992370605
2021-12-01,28.940000534057617,29.290000915527344,28.0,28.13999938964844,3317200,0,0,-0.02087684016172764,0.7816666497124534,31.866499996185304,34.84379419046607,28.889205801904534,30.600000381469727,31.5,32.90749931335449,31.660000801086426,27.049999237060547
2021-12-02,28.190000534057617,28.940000534057617,27.8799991607666,28.780000686645508,3639500,0,0,0.022743472312671598,0.7994444635179273,31.694499969482422,34.95724981557513,28.431750123389712,30.355000495910645,31.4399995803833,32.98749923706055,32.105000495910645,28.729999542236328
2021-12-03,29.11000061035156,29.43000030517578,28.059999465942383,28.170000076293945,2970500,0,0,-0.02119529519798158,0.7825000021192728,31.45950002670288,35.01680956911685,27.902190484288905,30.355000495910645,31.4399995803833,32.989999294281006,32.55000019073486,28.3799991607666
2021-12-06,28.190000534057617,29.01000022888184,28.049999237060547,28.790000915527344,4619100,0,0,0.022009259409095705,0.7997222476535338,31.194500064849855,34.717604891184806,27.6713952385149,30.0600004196167,31.4399995803833,32.67499923706055,32.605000495910645,28.09000015258789
2021-12-07,29.020000457763672,29.31999969482422,28.84000015258789,28.96999931335449,3275200,0,0,0.0062521150435277395,0.8047222031487323,30.98050003051758,34.49807399494207,27.46292606609309,29.929999351501465,31.4399995803833,32.67499923706055,32.69000053405762,27.06999969482422
2021-12-08,29.020000457763672,29.6299991607666,28.979999542236328,29.540000915527344,2360700,0,0,0.01967558217752874,0.8205555809868672,30.80250015258789,34.231270147835176,27.373730157340603,29.364999771118164,31.4399995803833,32.67499923706055,32.69000053405762,27.030000686645508
2021-12-09,29.3700008392334,29.76000022888184,28.489999771118164,28.489999771118164,2689700,0,0,-0.03554506133604274,0.7913888825310569,30.578000164031984,33.99490135433551,27.161098973728453,29.25999927520752,31.4399995803833,32.67499923706055,32.69000053405762,26.809999465942383
2021-12-10,28.61000061035156,28.68000030517578,27.88999938964844,27.96999931335449,3917400,0,0,-0.01825203446617185,0.7769444253709548,30.33950004577637,33.78556086584793,26.89343922570481,29.03499984741211,31.4399995803833,32.67499923706055,32.69000053405762,26.38999938964844
2021-12-13,28.059999465942383,28.299999237060547,27.540000915527344,27.739999771118164,4796700,0,0,-0.008223080010106076,0.7705555491977235,30.075000095367432,33.46544260853214,26.684557582202718,28.65000057220459,31.270000457763672,32.67499923706055,32.69000053405762,26.82999992370605
2021-12-14,27.57999992370605,28.450000762939453,27.549999237060547,28.11000061035156,4952600,0,0,0.013338170233823332,0.78083335028754,29.872500133514404,33.22377087326125,26.521229393767555,28.65000057220459,30.935001373291016,33.079999923706055,33.079999923706055,26.770000457763672
2021-12-15,28.040000915527344,28.61000061035156,27.549999237060547,28.459999084472656,3283500,0,0,0.012451030470351787,0.790555530124237,29.68100004196167,32.89105655125298,26.470943532670358,28.65000057220459,30.485000610351562,33.079999923706055,33.079999923706055,27.100000381469727
2021-12-16,28.57999992370605,28.61000061035156,27.76000022888184,27.979999542236328,3922800,0,0,-0.016865760986556344,0.7772222095065613,29.482499980926512,32.59524776989089,26.36975219196214,28.65000057220459,30.3700008392334,33.079999923706055,33.079999923706055,26.309999465942383
2021-12-17,27.8700008392334,28.56999969482422,27.709999084472656,28.270000457763672,4559300,0,0,0.010364578994705997,0.7852777904934319,29.278999996185302,32.136979547422996,26.421020444947608,28.65000057220459,30.3700008392334,33.1875,33.079999923706055,25.770000457763672
2021-12-20,28.030000686645508,28.280000686645508,27.15999984741211,28.200000762939453,3114100,0,0,-0.0024761122635565957,0.7833333545260925,29.0835000038147,31.658073531548254,26.508926476081143,28.460000038146973,30.18000030517578,33.1875,33.079999923706055,24.940000534057617
2021-12-21,28.34000015258789,29.34000015258789,28.209999084472656,28.770000457763672,2571800,0,0,0.020212754588762705,0.7991666793823207,28.919500064849853,31.101299226444482,26.737700903255224,28.460000038146973,30.18000030517578,33.1875,33.079999923706055,25.51000022888184
2021-12-22,28.770000457763672,28.940000534057617,28.1299991607666,28.34000015258789,2110300,0,0,-0.014946134804796118,0.7872222264607712,28.733000087738038,30.370264052426304,27.09573612304977,28.25,30.18000030517578,33.1875,33.079999923706055,26.040000915527344
2021-12-23,28.3799991607666,28.950000762939453,28.26000022888184,28.8799991607666,3464700,0,0,0.019054305055443033,0.8022221989101798,28.6375,29.976382822240147,27.29861717775985,28.25,30.18000030517578,33.202499866485596,33.079999923706055,25.540000915527344
2021-12-27,29.020000457763672,29.030000686645508,28.71999931335449,28.959999084472656,2134600,0,0,0.0027700805412327334,0.8044444190131258,28.574499988555907,29.710828432168274,27.43817154494354,28.25,30.18000030517578,33.19000005722046,33.079999923706055,25.36000061035156
2021-12-28,28.780000686645508,28.950000762939453,28.520000457763672,28.8799991607666,2109600,0,0,-0.0027624283920971715,0.8022221989101799,28.50899991989136,29.383689085568232,27.634310754214486,28.25,29.9950008392334,33.02250051498413,33.079999923706055,24.649999618530277
2021-12-29,28.76000022888184,29.020000457763672,28.239999771118164,28.270000457763672,1961200,0,0,-0.021121839360425332,0.7852777904934318,28.485499954223634,29.359346711198512,27.611653197248756,28.25,29.9950008392334,32.797500133514404,33.079999923706055,24.96999931335449
2021-12-30,28.200000762939453,28.979999542236328,28.1299991607666,28.709999084472656,2483300,0,0,0.015564153504926681,0.7974999745686813,28.513999938964844,29.377931894824542,27.650067983105146,28.25,29.700000762939453,32.74000024795532,33.079999923706055,25.059999465942383
2021-12-31,28.700000762939453,28.940000534057617,28.3700008392334,28.3799991607666,2783500,0,0,-0.01149425058270137,0.7883333100212909,28.493999862670897,29.3507876157106,27.637212109631193,28.25,29.56999969482422,32.69000005722046,33.079999923706055,24.86000061035156
2022-01-03,28.520000457763672,28.530000686645508,27.8799991607666,28.25,5166500,0,0,-0.00458066119136169,0.7847222222222187,28.4979998588562,29.349371151539373,27.646628566173028,28.609999656677246,29.005000114440918,32.43000030517578,32.88000011444092,25.729999542236328
2022-01-04,28.1200008392334,28.530000686645508,27.440000534057617,28.40999984741211,6917800,0,0,0.005663711412817962,0.7891666624281105,28.47899980545044,29.320248525767546,27.63775108513333,28.235000610351562,28.899999618530273,32.08500003814697,32.53499984741211,25.309999465942383
2022-01-05,28.5,28.65999984741211,27.82999992370605,27.899999618530277,3040800,0,0,-0.017951433707180664,0.7749999894036153,28.425499820709227,29.27117315121502,27.579826490203434,28.235000610351562,28.675000190734863,31.985000610351562,32.4350004196167,25.489999771118164
2022-01-06,27.86000061035156,28.049999237060547,27.049999237060547,27.07999992370605,3564600,0,0,-0.029390670467235758,0.7522222201029424,28.302499771118164,29.179358073532185,27.425641468704143,28.039999961853027,28.40499973297119,31.395000457763672,31.84500026702881,25.1299991607666
2022-01-07,27.020000457763672,27.459999084472656,26.86000061035156,27.049999237060547,2813400,0,0,-0.0011078540151413518,0.7513888676961228,28.230499744415283,29.259088831303593,27.201910657526973,27.940000534057617,28.3100004196167,31.050000190734863,31.5,25.86000061035156
2022-01-10,27.549999237060547,29.0,27.270000457763672,28.729999542236328,6797700,0,0,0.062107221906093635,0.7980555428398943,28.268499755859374,29.311994788862776,27.22500472285597,27.940000534057617,28.3100004196167,30.897500038146973,31.4399995803833,25.88999938964844
2022-01-11,28.84000015258789,29.06999969482422,27.950000762939453,28.3799991607666,3513000,0,0,-0.012182401219853367,0.7883333100212908,28.300499725341798,29.315773432808065,27.28522601787553,27.96500015258789,28.3100004196167,30.897500038146973,31.4399995803833,25.780000686645508
2022-01-12,28.520000457763672,28.729999542236328,27.8799991607666,28.09000015258789,3556700,0,0,-0.010218429061111922,0.7802777820163267,28.299499702453613,29.315569704217566,27.28342970068966,27.96500015258789,28.3100004196167,30.75,31.4399995803833,25.51000022888184
2022-01-13,27.96999931335449,28.09000015258789,27.020000457763672,27.06999969482422,3068800,0,0,-0.03631187085165255,0.751944435967336,28.22999973297119,29.375993256633876,27.084006209308505,27.96500015258789,28.3100004196167,30.684999465942383,31.4399995803833,25.979999542236328
2022-01-14,27.170000076293945,27.170000076293945,26.670000076293945,27.030000686645508,3603300,0,0,-0.0014776139131748023,0.7508333524068163,28.18249979019165,29.44055101975328,26.92444856063002,27.869999885559082,28.21500015258789,30.402499675750732,31.4399995803833,25.75
2022-01-18,26.8799991607666,27.049999237060547,26.420000076293945,26.809999465942383,4990200,0,0,-0.008139149652771516,0.744722207387285,28.109499740600587,29.502507759507054,26.71649172169412,27.744999885559082,27.880000114440918,30.34999942779541,31.4399995803833,27.88999938964844
2022-01-19,26.899999618530277,27.1200008392334,26.36000061035156,26.38999938964844,3812400,0,0,-0.015665799502438738,0.7330555386013422,28.018999671936037,29.60124664748065,26.436752696391423,27.71500015258789,27.850000381469727,30.237499713897705,31.4399995803833,27.8700008392334
2022-01-20,26.600000381469727,27.100000381469727,26.459999084472656,26.82999992370605,2975500,0,0,0.01667300281295958,0.745277775658498,27.921999645233154,29.54596440328463,26.29803488718168,27.71500015258789,27.850000381469727,29.96000051498413,31.270000457763672,28.40999984741211
2022-01-21,26.920000076293945,27.100000381469727,26.229999542236328,26.770000457763672,3301900,0,0,-0.0022362827474093905,0.7436111238267652,27.843499660491943,29.530313623206684,26.156685697777203,27.649999618530273,27.78499984741211,29.792500972747803,31.270000457763672,28.940000534057617
2022-01-24,26.31999969482422,27.18000030517578,25.799999237060547,27.100000381469727,6187700,0,0,0.012327228915319344,0.7527777883741557,27.7544997215271,29.4000575682478,26.1089418748064,27.434999465942383,27.56999969482422,29.567500591278076,31.270000457763672,29.0
2022-01-25,26.90999984741211,27.040000915527344,26.11000061035156,26.309999465942383,3461100,0,0,-0.029151324885867025,0.7308333184983962,27.621999740600586,29.284805812094742,25.95919366910643,27.264999389648438,27.56999969482422,29.510000705718994,31.270000457763672,28.3700008392334
2022-01-26,26.350000381469727,26.65999984741211,25.61000061035156,25.770000457763672,2053500,0,0,-0.020524478112503464,0.7158333460489875,27.46649980545044,29.210247703721606,25.722751907179273,26.850000381469727,27.475000381469727,29.510000705718994,31.270000457763672,27.950000762939453
2022-01-27,25.770000457763672,26.059999465942383,24.920000076293945,24.940000534057617,5832000,0,0,-0.03220799025853349,0.6927777926127083,27.299999809265138,29.322036688528463,25.277962930001813,26.050000190734863,27.130000114440918,29.320000171661377,31.079999923706055,25.84000015258789
2022-01-28,25.06999969482422,25.51000022888184,24.479999542236328,25.51000022888184,5958000,0,0,0.02285483891814044,0.7086111174689367,27.139999866485596,29.196933194073537,25.083066538897654,25.829999923706055,26.774999618530273,29.320000171661377,31.079999923706055,25.520000457763672
2022-01-31,25.5,26.100000381469727,25.270000457763672,26.040000915527344,4684100,0,0,0.020776192939639726,0.723333358764645,27.022999954223632,29.05016101805573,24.995838890391536,25.829999923706055,26.774999618530273,29.21500015258789,31.079999923706055,26.6200008392334
2022-02-01,25.940000534057617,26.07999992370605,25.299999237060547,25.540000915527344,4833000,0,0,-0.01920122820356185,0.7094444698757562,26.8875,28.930881367552267,24.84411863244773,25.829999923706055,26.774999618530273,29.21500015258789,31.079999923706055,26.3799991607666
2022-02-02,25.530000686645508,25.790000915527344,25.290000915527344,25.36000061035156,6796300,0,0,-0.007047779903028517,0.7044444613986511,26.73500003814697,28.756001569015005,24.713998507278937,25.829999923706055,26.774999618530273,29.21500015258789,31.079999923706055,26.489999771118164
2022-02-03,25.280000686645508,25.280000686645508,24.59000015258789,24.649999618530277,4334800,0,0,-0.02799688386172472,0.6847222116258379,26.572500038146973,28.713110453372217,24.43188962292173,25.829999923706055,26.774999618530273,29.1225004196167,31.079999923706055,25.200000762939453
2022-02-04,24.520000457763672,25.26000022888184,24.229999542236328,24.96999931335449,4660900,0,0,0.012981732242448363,0.6936110920376216,26.467000007629395,28.704041289899386,24.229958725359403,25.635000228881836,26.649999618530273,29.1225004196167,31.079999923706055,25.46999931335449
2022-02-07,24.920000076293945,25.479999542236328,24.71999931335449,25.059999465942383,3070700,0,0,0.003604331400191896,0.6961110962761742,26.367500019073486,28.668773988483398,24.066226049663573,25.44499969482422,26.649999618530273,28.975000381469727,31.079999923706055,26.40999984741211
2022-02-08,25.049999237060547,26.15999984741211,24.76000022888184,24.86000061035156,3282100,0,0,-0.007980800472986105,0.6905555725097624,26.17400007247925,28.289523375243853,24.058476769714645,25.19499969482422,26.649999618530273,28.90999984741211,31.079999923706055,26.61000061035156
2022-02-09,25.13999938964844,25.84000015258789,25.09000015258789,25.729999542236328,4222400,0,0,0.03499593364943476,0.7147222095065615,26.041500091552734,27.901705103120698,24.18129507998477,25.19499969482422,26.649999618530273,28.807499885559082,31.079999923706055,27.420000076293945
2022-02-10,25.399999618530277,25.950000762939453,25.13999938964844,25.309999465942383,2837000,0,0,-0.016323361203505082,0.7030555407206187,25.902500057220458,27.527912156388833,24.277087958052082,25.19499969482422,26.649999618530273,28.567500114440918,31.079999923706055,27.200000762939453
2022-02-11,25.290000915527344,25.989999771118164,25.26000022888184,25.489999771118164,6121700,0,0,0.007111825720027998,0.7080555491977238,25.823500061035155,27.364777323604255,24.282222798466055,25.19499969482422,26.649999618530273,28.455000400543213,31.079999923706055,27.40999984741211
2022-02-14,25.530000686645508,25.82999992370605,24.920000076293945,25.1299991607666,2423600,0,0,-0.014123209634527623,0.6980555322435138,25.728499984741212,27.192045750591415,24.26495421889101,25.19499969482422,26.649999618530273,28.22249984741211,31.024999618530273,27.21999931335449
2022-02-15,25.3799991607666,26.0,25.3799991607666,25.86000061035156,4984600,0,0,0.02904900413704148,0.7183333502875403,25.68100004196167,27.059350378732606,24.302649705190735,25.19499969482422,26.649999618530273,28.125000476837158,30.93000030517578,27.46999931335449
2022-02-16,25.90999984741211,25.959999084472656,25.479999542236328,25.88999938964844,4067900,0,0,0.0011600455757481143,0.7191666497124537,25.65600004196167,26.999323326180818,24.31267675774252,25.19499969482422,26.649999618530273,28.125000476837158,30.93000030517578,26.59000015258789
2022-02-17,25.75,25.940000534057617,25.520000457763672,25.780000686645508,6235500,0,0,-0.004248694692782218,0.7161111301845944,25.603500080108642,26.83549351441283,24.371506645804455,25.4399995803833,26.479999542236328,28.137500286102295,30.93000030517578,26.71999931335449
2022-02-18,25.790000915527344,26.1200008392334,25.200000762939453,25.51000022888184,8532700,0,0,-0.010473252543532041,0.708611117468937,25.54050006866455,26.648832919173397,24.4321672181557,25.460000038146973,26.15999984741211,28.137500286102295,30.93000030517578,27.530000686645508
2022-02-22,25.420000076293945,26.09000015258789,25.31999969482422,25.979999542236328,14141900,0,0,0.018424120311154146,0.721666653951006,25.484500026702882,26.35802283983238,24.610977213573385,25.520000457763672,25.704999923706055,28.137500286102295,30.93000030517578,27.15999984741211
2022-02-23,26.0,26.59000015258789,25.739999771118164,25.75,11780500,0,0,-0.008852946354460545,0.7152777777777748,25.45650005340576,26.254210704982093,24.65878940182943,25.755000114440918,25.704999923706055,28.042500019073486,30.835000038146973,26.09000015258789
2022-02-24,24.149999618530277,28.71999931335449,24.149999618530277,27.88999938964844,18998100,0,0,0.0831067724135317,0.7747222052680091,25.5625,26.892306118569987,24.232693881430013,26.434999465942383,26.434999465942383,27.8125,30.710000038146973,26.1200008392334
2022-02-25,27.46999931335449,28.209999084472656,27.26000022888184,27.8700008392334,4808400,0,0,-0.0007170509448797269,0.7741666899787023,25.709000015258788,27.34601435021641,24.071985680301164,26.434999465942383,26.434999465942383,27.78250026702881,30.68000030517578,26.15999984741211
2022-02-28,27.940000534057617,28.56999969482422,27.6299991607666,28.40999984741211,6015800,0,0,0.01937563659555175,0.7891666624281108,25.8539999961853,27.869401072537514,23.83859891983309,26.434999465942383,26.434999465942383,27.78250026702881,30.68000030517578,25.979999542236328
2022-03-01,28.36000061035156,29.1299991607666,28.170000076293945,28.940000534057617,5828600,0,0,0.018655427296448535,0.8038889037238194,25.998999977111815,28.42703558789057,23.57096436633306,26.639999389648438,26.639999389648438,27.71749973297119,30.280000686645508,26.6200008392334
2022-03-02,28.940000534057617,29.239999771118164,28.71999931335449,29.0,5599500,0,0,0.002073236518146393,0.8055555555555522,26.17199993133545,28.920208755231283,23.423791107439616,26.69499969482422,26.69499969482422,27.5024995803833,29.614999771118164,26.549999237060547
2022-03-03,29.51000022888184,29.65999984741211,28.31999969482422,28.3700008392334,4989200,0,0,-0.021724108991951763,0.7880555788675911,26.32249994277954,29.20426434864073,23.44073553691835,26.90499973297119,26.90499973297119,27.417499542236328,29.5,26.25
2022-03-04,28.32999992370605,28.549999237060547,27.649999618530277,27.950000762939453,4278800,0,0,-0.014804373065548826,0.7763889100816483,26.4875,29.34485000126677,23.63014999873323,26.90499973297119,26.90499973297119,27.162500381469727,29.405000686645508,26.0
2022-03-07,27.649999618530277,27.690000534057617,25.799999237060547,25.84000015258789,4437800,0,0,-0.07549196968714711,0.7177777820163274,26.53100004196167,29.31954136492563,23.742458718997707,26.90499973297119,26.90499973297119,26.59000015258789,29.0600004196167,25.82999992370605
2022-03-08,25.59000015258789,26.34000015258789,25.13999938964844,25.520000457763672,3885100,0,0,-0.012383889045456176,0.7088889016045435,26.554000091552734,29.300448572317542,23.807551610787925,26.90499973297119,26.90499973297119,26.302499771118164,28.84000015258789,26.26000022888184
2022-03-09,25.920000076293945,26.790000915527344,25.920000076293945,26.6200008392334,7632300,0,0,0.043103462450569285,0.7394444677564803,26.642000102996825,29.274932890564667,24.009067315428982,27.399999618530273,26.90499973297119,26.302499771118164,28.84000015258789,26.25
2022-03-10,26.059999465942383,26.5,25.959999084472656,26.3799991607666,3617500,0,0,-0.009015840379429041,0.732777754465736,26.67450008392334,29.277147375026217,24.071852792820465,27.399999618530273,26.90499973297119,26.302499771118164,28.84000015258789,25.739999771118164
2022-03-11,26.65999984741211,27.06999969482422,26.09000015258789,26.489999771118164,5023500,0,0,0.004169848895035688,0.7358333269755017,26.73350009918213,29.261370784563002,24.205629413801258,27.399999618530273,26.90499973297119,26.302499771118164,28.84000015258789,26.1200008392334
2022-03-14,26.350000381469727,26.5,25.190000534057617,25.200000762939453,4490700,0,0,-0.04869758472346941,0.7000000211927598,26.719000148773194,29.278708857465936,24.15929144008045,27.399999618530273,26.90499973297119,26.302499771118164,28.655000686645508,
2022-03-15,25.299999237060547,25.51000022888184,24.940000534057617,25.46999931335449,4639900,0,0,0.010714227866695625,0.7074999809265108,26.73600015640259,29.257079912637177,24.214920400168,27.300000190734863,26.90499973297119,26.142499923706055,28.530000686645508,
2022-03-16,25.729999542236328,26.489999771118164,25.729999542236328,26.40999984741211,2476100,0,0,0.036906186077702685,0.7336111068725557,26.763500118255614,29.25731602374592,24.26968421276531,26.744999885559082,26.90499973297119,26.047499656677246,28.235000610351562,
2022-03-17,26.309999465942383,26.649999618530277,26.209999084472656,26.61000061035156,3805100,0,0,0.007572917989208117,0.7391666836208738,26.79950017929077,29.26209428494828,24.336906073633262,26.315000534057617,26.90499973297119,25.922499656677246,28.104999542236328,
2022-03-18,26.40999984741211,27.479999542236328,26.32999992370605,27.420000076293945,3831900,0,0,0.030439663561198538,0.76166666878594,26.881500148773192,29.311494961186845,24.45150533635954,26.210000038146973,26.90499973297119,25.922499656677246,27.539999961853027,
2022-03-21,27.149999618530277,27.540000915527344,27.01000022888184,27.200000762939453,4363800,0,0,-0.008023315563178812,0.7555555767483152,26.966000175476076,29.314657431051046,24.617342919901105,26.24000072479248,26.90499973297119,25.922499656677246,27.434999465942383,
2022-03-22,27.3799991607666,27.540000915527344,27.1200008392334,27.40999984741211,5599300,0,0,0.0077205543596448045,0.7613888846503334,27.037500190734864,29.34808642538289,24.72691395608684,26.24000072479248,26.90499973297119,25.922499656677246,27.210000038146973,
2022-03-23,27.149999618530277,27.299999237060547,26.920000076293945,27.21999931335449,3570900,0,0,-0.006931796246454902,0.7561110920376217,27.11100015640259,29.344503362318477,24.8774969504867,26.24000072479248,26.90499973297119,25.922499656677246,26.994999885559082,
2022-03-24,27.3799991607666,27.51000022888184,26.790000915527344,27.46999931335449,4537800,0,0,0.00918442344990611,0.7630555364820661,27.09000015258789,29.301360570370985,24.878639734804796,26.24000072479248,26.90499973297119,25.922499656677246,26.994999885559082,
2022-03-25,27.549999237060547,27.68000030517578,26.440000534057617,26.59000015258789,5312700,0,0,-0.03203491746498832,0.7386111153496607,27.026000118255617,29.217138314247794,24.83486192226344,26.3100004196167,26.90499973297119,25.922499656677246,26.994999885559082,
2022-03-28,26.51000022888184,26.84000015258789,26.3700008392334,26.71999931335449,2713300,0,0,0.004889024446054657,0.7422222031487329,26.941500091552733,29.040037756720842,24.842962426384624,26.704999923706055,26.90499973297119,25.959999561309814,26.994999885559082,
2022-03-29,26.799999237060547,27.61000061035156,26.770000457763672,27.530000686645508,2670500,0,0,0.030314423432121318,0.7647222412957055,26.87100009918213,28.78051338753117,24.96148681083309,26.94499969482422,26.90499973297119,25.80999994277954,26.994999885559082,
2022-03-30,27.36000061035156,27.5,27.020000457763672,27.15999984741211,1642200,0,0,-0.013439913912275392,0.754444440205889,26.779000091552735,28.425951573353775,25.132048609751696,27.005000114440918,26.90499973297119,25.612500190734863,26.994999885559082,
2022-03-31,27.11000061035156,27.170000076293945,26.07999992370605,26.09000015258789,4042600,0,0,-0.03939615982458011,0.7247222264607719,26.66500005722046,28.16302568507677,25.16697442936415,26.880000114440918,26.90499973297119,25.730000019073486,26.994999885559082,
2022-04-01,25.940000534057617,26.34000015258789,25.8799991607666,26.1200008392334,2290700,0,0,0.001149892160599686,0.7255555788675915,26.573500061035155,27.965053022225398,25.181947099844912,26.77999973297119,27.300000190734863,26.434999465942383,26.744999885559082,
2022-04-04,26.209999084472656,26.450000762939453,26.030000686645508,26.15999984741211,3131000,0,0,0.0015313555472260543,0.7266666624281112,26.58950004577637,27.953748144225187,25.22525194732755,26.77999973297119,27.300000190734863,26.434999465942383,26.744999885559082,
2022-04-05,26.1200008392334,26.420000076293945,25.940000534057617,25.979999542236328,2413000,0,0,-0.006880745650829523,0.7216666539510062,26.6125,27.91744252830692,25.30755747169308,26.77999973297119,27.300000190734863,26.434999465942383,26.744999885559082,
2022-04-06,25.75,26.81999969482422,25.75,26.6200008392334,3734300,0,0,0.024634384460115344,0.7394444677564802,26.6125,27.91744252830692,25.30755747169308,26.71500015258789,27.300000190734863,26.639999389648438,26.744999885559082,
2022-04-07,26.489999771118164,26.88999938964844,26.420000076293945,26.549999237060547,3392500,0,0,-0.0026296619070604876,0.7374999788072344,26.621000003814697,27.921939270808437,25.320060736820956,26.68000030517578,27.300000190734863,26.69499969482422,26.744999885559082,
2022-04-08,26.350000381469727,26.65999984741211,25.96999931335449,26.25,1717000,0,0,-0.011299406616998464,0.7291666666666637,26.60900001525879,27.919045986920715,25.298954043596865,26.68000030517578,26.744999885559082,26.90499973297119,26.90499973297119,
2022-04-11,26.209999084472656,26.32999992370605,25.899999618530277,26.0,2290400,0,0,-0.00952380952380949,0.7222222222222193,26.648999977111817,27.825153088104685,25.47284686611895,26.625,26.315000534057617,26.90499973297119,26.90499973297119,
2022-04-12,26.040000915527344,26.21999931335449,25.63999938964844,25.82999992370605,3683500,0,0,-0.00653846447284423,0.7174999978807207,26.667000007629394,27.779022851309723,25.554977163949065,26.40499973297119,26.3100004196167,26.90499973297119,26.90499973297119,
2022-04-13,25.809999465942383,26.350000381469727,25.56999969482422,26.26000022888184,4520000,0,0,0.01664732119418799,0.7294444508022703,26.65950002670288,27.780439526131826,25.538560527273933,26.229999542236328,26.3100004196167,26.90499973297119,26.90499973297119,
2022-04-14,26.450000762939453,26.709999084472656,26.149999618530277,26.25,3691700,0,0,-0.00038081602416895066,0.7291666666666636,26.641499996185303,27.77666737322006,25.506332619150545,26.229999542236328,26.3100004196167,27.152499675750732,26.90499973297119,
2022-04-18,26.11000061035156,26.1200008392334,25.59000015258789,25.739999771118164,2532000,0,0,-0.019428580147879515,0.7149999936421683,26.557499980926515,27.698487480710096,25.416512481142934,26.229999542236328,26.3100004196167,27.152499675750732,26.90499973297119,
2022-04-19,25.63999938964844,26.36000061035156,25.6299991607666,26.1200008392334,2092400,0,0,0.014763056390607154,0.7255555788675914,26.50349998474121,27.619428155244993,25.38757181423743,26.229999542236328,26.3100004196167,27.152499675750732,26.90499973297119,
